"","Units","scenario","resource","year","value","supply_factor","demand_factor","lead_times","supply_lead_combined"
"1","Mt","01272026_His_constrSupply_BR_SS_noTC","copper",2021,0,"Steady-state constrained supply","01272026_His_constrSupply_BR_noTC","Average lead times","Average lead times Steady-state constrained supply"
"2","Mt","01272026_His_constrSupply_BR_SS_noTC","copper",2025,116.951860509,"Steady-state constrained supply","01272026_His_constrSupply_BR_noTC","Average lead times","Average lead times Steady-state constrained supply"
"3","Mt","01272026_His_constrSupply_BR_SS_noTC","copper",2030,253.84218482175,"Steady-state constrained supply","01272026_His_constrSupply_BR_noTC","Average lead times","Average lead times Steady-state constrained supply"
"4","Mt","01272026_His_constrSupply_BR_SS_noTC","copper",2035,407.95303429975,"Steady-state constrained supply","01272026_His_constrSupply_BR_noTC","Average lead times","Average lead times Steady-state constrained supply"
"5","Mt","01272026_His_constrSupply_BR_SS_noTC","copper",2040,577.906011254,"Steady-state constrained supply","01272026_His_constrSupply_BR_noTC","Average lead times","Average lead times Steady-state constrained supply"
"6","Mt","01272026_His_constrSupply_BR_SS_noTC","copper",2045,767.09572484125,"Steady-state constrained supply","01272026_His_constrSupply_BR_noTC","Average lead times","Average lead times Steady-state constrained supply"
"7","Mt","01272026_His_constrSupply_BR_SS_noTC","copper",2050,976.612767212,"Steady-state constrained supply","01272026_His_constrSupply_BR_noTC","Average lead times","Average lead times Steady-state constrained supply"
"8","Mt","01272026_His_constrSupply_BR_SS_noTC","copper",2055,1202.05352412425,"Steady-state constrained supply","01272026_His_constrSupply_BR_noTC","Average lead times","Average lead times Steady-state constrained supply"
"9","Mt","01272026_His_constrSupply_BR_SS_noTC","copper",2060,1443.41682448825,"Steady-state constrained supply","01272026_His_constrSupply_BR_noTC","Average lead times","Average lead times Steady-state constrained supply"
"10","Mt","01272026_His_constrSupply_BR_SS_noTC","copper",2065,1699.0776225528,"Steady-state constrained supply","01272026_His_constrSupply_BR_noTC","Average lead times","Average lead times Steady-state constrained supply"
"11","Mt","01272026_His_constrSupply_BR_SS_noTC","copper",2070,1969.53023776425,"Steady-state constrained supply","01272026_His_constrSupply_BR_noTC","Average lead times","Average lead times Steady-state constrained supply"
"12","Mt","01272026_His_constrSupply_BR_SS_noTC","copper",2075,2253.59655433937,"Steady-state constrained supply","01272026_His_constrSupply_BR_noTC","Average lead times","Average lead times Steady-state constrained supply"
"13","Mt","01272026_His_constrSupply_BR_SS_noTC","copper",2080,2552.04979094762,"Steady-state constrained supply","01272026_His_constrSupply_BR_noTC","Average lead times","Average lead times Steady-state constrained supply"
"14","Mt","01272026_His_constrSupply_BR_SS_noTC","copper",2085,2864.01905631465,"Steady-state constrained supply","01272026_His_constrSupply_BR_noTC","Average lead times","Average lead times Steady-state constrained supply"
"15","Mt","01272026_His_constrSupply_BR_SS_noTC","copper",2090,3187.35310322409,"Steady-state constrained supply","01272026_His_constrSupply_BR_noTC","Average lead times","Average lead times Steady-state constrained supply"
"16","Mt","01272026_His_constrSupply_BR_SS_noTC","copper",2095,3520.97853784132,"Steady-state constrained supply","01272026_His_constrSupply_BR_noTC","Average lead times","Average lead times Steady-state constrained supply"
"17","Mt","01272026_His_constrSupply_BR_SS_noTC","copper",2100,3865.56713170969,"Steady-state constrained supply","01272026_His_constrSupply_BR_noTC","Average lead times","Average lead times Steady-state constrained supply"
"18","Mt","01272026_His_constrSupply_BR_SS_noTC","lithium",2021,0,"Steady-state constrained supply","01272026_His_constrSupply_BR_noTC","Average lead times","Average lead times Steady-state constrained supply"
"19","Mt","01272026_His_constrSupply_BR_SS_noTC","lithium",2025,0.7647744945,"Steady-state constrained supply","01272026_His_constrSupply_BR_noTC","Average lead times","Average lead times Steady-state constrained supply"
"20","Mt","01272026_His_constrSupply_BR_SS_noTC","lithium",2030,2.23357497075,"Steady-state constrained supply","01272026_His_constrSupply_BR_noTC","Average lead times","Average lead times Steady-state constrained supply"
"21","Mt","01272026_His_constrSupply_BR_SS_noTC","lithium",2035,4.367967925,"Steady-state constrained supply","01272026_His_constrSupply_BR_noTC","Average lead times","Average lead times Steady-state constrained supply"
"22","Mt","01272026_His_constrSupply_BR_SS_noTC","lithium",2040,6.87860907291,"Steady-state constrained supply","01272026_His_constrSupply_BR_noTC","Average lead times","Average lead times Steady-state constrained supply"
"23","Mt","01272026_His_constrSupply_BR_SS_noTC","lithium",2045,9.9192330233775,"Steady-state constrained supply","01272026_His_constrSupply_BR_noTC","Average lead times","Average lead times Steady-state constrained supply"
"24","Mt","01272026_His_constrSupply_BR_SS_noTC","lithium",2050,13.38182701641,"Steady-state constrained supply","01272026_His_constrSupply_BR_noTC","Average lead times","Average lead times Steady-state constrained supply"
"25","Mt","01272026_His_constrSupply_BR_SS_noTC","lithium",2055,17.2154627031075,"Steady-state constrained supply","01272026_His_constrSupply_BR_noTC","Average lead times","Average lead times Steady-state constrained supply"
"26","Mt","01272026_His_constrSupply_BR_SS_noTC","lithium",2060,21.45304478714,"Steady-state constrained supply","01272026_His_constrSupply_BR_noTC","Average lead times","Average lead times Steady-state constrained supply"
"27","Mt","01272026_His_constrSupply_BR_SS_noTC","lithium",2065,25.9828413378025,"Steady-state constrained supply","01272026_His_constrSupply_BR_noTC","Average lead times","Average lead times Steady-state constrained supply"
"28","Mt","01272026_His_constrSupply_BR_SS_noTC","lithium",2070,30.8093426836025,"Steady-state constrained supply","01272026_His_constrSupply_BR_noTC","Average lead times","Average lead times Steady-state constrained supply"
"29","Mt","01272026_His_constrSupply_BR_SS_noTC","lithium",2075,35.9508282053775,"Steady-state constrained supply","01272026_His_constrSupply_BR_noTC","Average lead times","Average lead times Steady-state constrained supply"
"30","Mt","01272026_His_constrSupply_BR_SS_noTC","lithium",2080,41.4522108966525,"Steady-state constrained supply","01272026_His_constrSupply_BR_noTC","Average lead times","Average lead times Steady-state constrained supply"
"31","Mt","01272026_His_constrSupply_BR_SS_noTC","lithium",2085,47.3421943681775,"Steady-state constrained supply","01272026_His_constrSupply_BR_noTC","Average lead times","Average lead times Steady-state constrained supply"
"32","Mt","01272026_His_constrSupply_BR_SS_noTC","lithium",2090,53.5257865367775,"Steady-state constrained supply","01272026_His_constrSupply_BR_noTC","Average lead times","Average lead times Steady-state constrained supply"
"33","Mt","01272026_His_constrSupply_BR_SS_noTC","lithium",2095,59.9662813962425,"Steady-state constrained supply","01272026_His_constrSupply_BR_noTC","Average lead times","Average lead times Steady-state constrained supply"
"34","Mt","01272026_His_constrSupply_BR_SS_noTC","lithium",2100,66.636851005523,"Steady-state constrained supply","01272026_His_constrSupply_BR_noTC","Average lead times","Average lead times Steady-state constrained supply"
"35","Mt","01272026_His_constrSupply_BR_SS_noTC","nickel",2021,0,"Steady-state constrained supply","01272026_His_constrSupply_BR_noTC","Average lead times","Average lead times Steady-state constrained supply"
"36","Mt","01272026_His_constrSupply_BR_SS_noTC","nickel",2025,14.9681752795,"Steady-state constrained supply","01272026_His_constrSupply_BR_noTC","Average lead times","Average lead times Steady-state constrained supply"
"37","Mt","01272026_His_constrSupply_BR_SS_noTC","nickel",2030,31.29443145825,"Steady-state constrained supply","01272026_His_constrSupply_BR_noTC","Average lead times","Average lead times Steady-state constrained supply"
"38","Mt","01272026_His_constrSupply_BR_SS_noTC","nickel",2035,48.923703599,"Steady-state constrained supply","01272026_His_constrSupply_BR_noTC","Average lead times","Average lead times Steady-state constrained supply"
"39","Mt","01272026_His_constrSupply_BR_SS_noTC","nickel",2040,68.112981029,"Steady-state constrained supply","01272026_His_constrSupply_BR_noTC","Average lead times","Average lead times Steady-state constrained supply"
"40","Mt","01272026_His_constrSupply_BR_SS_noTC","nickel",2045,89.92394698975,"Steady-state constrained supply","01272026_His_constrSupply_BR_noTC","Average lead times","Average lead times Steady-state constrained supply"
"41","Mt","01272026_His_constrSupply_BR_SS_noTC","nickel",2050,114.96137176975,"Steady-state constrained supply","01272026_His_constrSupply_BR_noTC","Average lead times","Average lead times Steady-state constrained supply"
"42","Mt","01272026_His_constrSupply_BR_SS_noTC","nickel",2055,143.12776330575,"Steady-state constrained supply","01272026_His_constrSupply_BR_noTC","Average lead times","Average lead times Steady-state constrained supply"
"43","Mt","01272026_His_constrSupply_BR_SS_noTC","nickel",2060,173.975154539,"Steady-state constrained supply","01272026_His_constrSupply_BR_noTC","Average lead times","Average lead times Steady-state constrained supply"
"44","Mt","01272026_His_constrSupply_BR_SS_noTC","nickel",2065,207.01479732775,"Steady-state constrained supply","01272026_His_constrSupply_BR_noTC","Average lead times","Average lead times Steady-state constrained supply"
"45","Mt","01272026_His_constrSupply_BR_SS_noTC","nickel",2070,242.010810348525,"Steady-state constrained supply","01272026_His_constrSupply_BR_noTC","Average lead times","Average lead times Steady-state constrained supply"
"46","Mt","01272026_His_constrSupply_BR_SS_noTC","nickel",2075,278.838134039775,"Steady-state constrained supply","01272026_His_constrSupply_BR_noTC","Average lead times","Average lead times Steady-state constrained supply"
"47","Mt","01272026_His_constrSupply_BR_SS_noTC","nickel",2080,317.657423190975,"Steady-state constrained supply","01272026_His_constrSupply_BR_noTC","Average lead times","Average lead times Steady-state constrained supply"
"48","Mt","01272026_His_constrSupply_BR_SS_noTC","nickel",2085,358.2465992682,"Steady-state constrained supply","01272026_His_constrSupply_BR_noTC","Average lead times","Average lead times Steady-state constrained supply"
"49","Mt","01272026_His_constrSupply_BR_SS_noTC","nickel",2090,400.4120284629,"Steady-state constrained supply","01272026_His_constrSupply_BR_noTC","Average lead times","Average lead times Steady-state constrained supply"
"50","Mt","01272026_His_constrSupply_BR_SS_noTC","nickel",2095,444.11767022335,"Steady-state constrained supply","01272026_His_constrSupply_BR_noTC","Average lead times","Average lead times Steady-state constrained supply"
"51","Mt","01272026_His_constrSupply_BR_SS_noTC","nickel",2100,489.211184405775,"Steady-state constrained supply","01272026_His_constrSupply_BR_noTC","Average lead times","Average lead times Steady-state constrained supply"
"52","Mt","01272026_His_constrSupply_BR_SS_shortLT_noTC","copper",2021,0,"Steady-state constrained supply","01272026_His_constrSupply_BR_shortLT_noTC","Short lead times","Short lead times Steady-state constrained supply"
"53","Mt","01272026_His_constrSupply_BR_SS_shortLT_noTC","copper",2025,117.00258831,"Steady-state constrained supply","01272026_His_constrSupply_BR_shortLT_noTC","Short lead times","Short lead times Steady-state constrained supply"
"54","Mt","01272026_His_constrSupply_BR_SS_shortLT_noTC","copper",2030,254.7180156465,"Steady-state constrained supply","01272026_His_constrSupply_BR_shortLT_noTC","Short lead times","Short lead times Steady-state constrained supply"
"55","Mt","01272026_His_constrSupply_BR_SS_shortLT_noTC","copper",2035,413.3108401075,"Steady-state constrained supply","01272026_His_constrSupply_BR_shortLT_noTC","Short lead times","Short lead times Steady-state constrained supply"
"56","Mt","01272026_His_constrSupply_BR_SS_shortLT_noTC","copper",2040,595.23256823855,"Steady-state constrained supply","01272026_His_constrSupply_BR_shortLT_noTC","Short lead times","Short lead times Steady-state constrained supply"
"57","Mt","01272026_His_constrSupply_BR_SS_shortLT_noTC","copper",2045,799.90264484765,"Steady-state constrained supply","01272026_His_constrSupply_BR_shortLT_noTC","Short lead times","Short lead times Steady-state constrained supply"
"58","Mt","01272026_His_constrSupply_BR_SS_shortLT_noTC","copper",2050,1017.3836560487,"Steady-state constrained supply","01272026_His_constrSupply_BR_shortLT_noTC","Short lead times","Short lead times Steady-state constrained supply"
"59","Mt","01272026_His_constrSupply_BR_SS_shortLT_noTC","copper",2055,1243.41417230205,"Steady-state constrained supply","01272026_His_constrSupply_BR_shortLT_noTC","Short lead times","Short lead times Steady-state constrained supply"
"60","Mt","01272026_His_constrSupply_BR_SS_shortLT_noTC","copper",2060,1483.2858280098,"Steady-state constrained supply","01272026_His_constrSupply_BR_shortLT_noTC","Short lead times","Short lead times Steady-state constrained supply"
"61","Mt","01272026_His_constrSupply_BR_SS_shortLT_noTC","copper",2065,1737.69205574672,"Steady-state constrained supply","01272026_His_constrSupply_BR_shortLT_noTC","Short lead times","Short lead times Steady-state constrained supply"
"62","Mt","01272026_His_constrSupply_BR_SS_shortLT_noTC","copper",2070,2008.34104339537,"Steady-state constrained supply","01272026_His_constrSupply_BR_shortLT_noTC","Short lead times","Short lead times Steady-state constrained supply"
"63","Mt","01272026_His_constrSupply_BR_SS_shortLT_noTC","copper",2075,2293.33458629765,"Steady-state constrained supply","01272026_His_constrSupply_BR_shortLT_noTC","Short lead times","Short lead times Steady-state constrained supply"
"64","Mt","01272026_His_constrSupply_BR_SS_shortLT_noTC","copper",2080,2592.40840948952,"Steady-state constrained supply","01272026_His_constrSupply_BR_shortLT_noTC","Short lead times","Short lead times Steady-state constrained supply"
"65","Mt","01272026_His_constrSupply_BR_SS_shortLT_noTC","copper",2085,2904.55945037333,"Steady-state constrained supply","01272026_His_constrSupply_BR_shortLT_noTC","Short lead times","Short lead times Steady-state constrained supply"
"66","Mt","01272026_His_constrSupply_BR_SS_shortLT_noTC","copper",2090,3228.26554956527,"Steady-state constrained supply","01272026_His_constrSupply_BR_shortLT_noTC","Short lead times","Short lead times Steady-state constrained supply"
"67","Mt","01272026_His_constrSupply_BR_SS_shortLT_noTC","copper",2095,3562.71940353546,"Steady-state constrained supply","01272026_His_constrSupply_BR_shortLT_noTC","Short lead times","Short lead times Steady-state constrained supply"
"68","Mt","01272026_His_constrSupply_BR_SS_shortLT_noTC","copper",2100,3912.79690481657,"Steady-state constrained supply","01272026_His_constrSupply_BR_shortLT_noTC","Short lead times","Short lead times Steady-state constrained supply"
"69","Mt","01272026_His_constrSupply_BR_SS_shortLT_noTC","lithium",2021,0,"Steady-state constrained supply","01272026_His_constrSupply_BR_shortLT_noTC","Short lead times","Short lead times Steady-state constrained supply"
"70","Mt","01272026_His_constrSupply_BR_SS_shortLT_noTC","lithium",2025,0.76646289825,"Steady-state constrained supply","01272026_His_constrSupply_BR_shortLT_noTC","Short lead times","Short lead times Steady-state constrained supply"
"71","Mt","01272026_His_constrSupply_BR_SS_shortLT_noTC","lithium",2030,2.24452762725,"Steady-state constrained supply","01272026_His_constrSupply_BR_shortLT_noTC","Short lead times","Short lead times Steady-state constrained supply"
"72","Mt","01272026_His_constrSupply_BR_SS_shortLT_noTC","lithium",2035,4.4392032699,"Steady-state constrained supply","01272026_His_constrSupply_BR_shortLT_noTC","Short lead times","Short lead times Steady-state constrained supply"
"73","Mt","01272026_His_constrSupply_BR_SS_shortLT_noTC","lithium",2040,7.14373657385,"Steady-state constrained supply","01272026_His_constrSupply_BR_shortLT_noTC","Short lead times","Short lead times Steady-state constrained supply"
"74","Mt","01272026_His_constrSupply_BR_SS_shortLT_noTC","lithium",2045,10.440714271575,"Steady-state constrained supply","01272026_His_constrSupply_BR_shortLT_noTC","Short lead times","Short lead times Steady-state constrained supply"
"75","Mt","01272026_His_constrSupply_BR_SS_shortLT_noTC","lithium",2050,14.119063274225,"Steady-state constrained supply","01272026_His_constrSupply_BR_shortLT_noTC","Short lead times","Short lead times Steady-state constrained supply"
"76","Mt","01272026_His_constrSupply_BR_SS_shortLT_noTC","lithium",2055,18.113094225875,"Steady-state constrained supply","01272026_His_constrSupply_BR_shortLT_noTC","Short lead times","Short lead times Steady-state constrained supply"
"77","Mt","01272026_His_constrSupply_BR_SS_shortLT_noTC","lithium",2060,22.48255268199,"Steady-state constrained supply","01272026_His_constrSupply_BR_shortLT_noTC","Short lead times","Short lead times Steady-state constrained supply"
"78","Mt","01272026_His_constrSupply_BR_SS_shortLT_noTC","lithium",2065,27.1169677941625,"Steady-state constrained supply","01272026_His_constrSupply_BR_shortLT_noTC","Short lead times","Short lead times Steady-state constrained supply"
"79","Mt","01272026_His_constrSupply_BR_SS_shortLT_noTC","lithium",2070,32.039077722955,"Steady-state constrained supply","01272026_His_constrSupply_BR_shortLT_noTC","Short lead times","Short lead times Steady-state constrained supply"
"80","Mt","01272026_His_constrSupply_BR_SS_shortLT_noTC","lithium",2075,37.26546752043,"Steady-state constrained supply","01272026_His_constrSupply_BR_shortLT_noTC","Short lead times","Short lead times Steady-state constrained supply"
"81","Mt","01272026_His_constrSupply_BR_SS_shortLT_noTC","lithium",2080,42.835870189505,"Steady-state constrained supply","01272026_His_constrSupply_BR_shortLT_noTC","Short lead times","Short lead times Steady-state constrained supply"
"82","Mt","01272026_His_constrSupply_BR_SS_shortLT_noTC","lithium",2085,48.783016543555,"Steady-state constrained supply","01272026_His_constrSupply_BR_shortLT_noTC","Short lead times","Short lead times Steady-state constrained supply"
"83","Mt","01272026_His_constrSupply_BR_SS_shortLT_noTC","lithium",2090,55.03471011678,"Steady-state constrained supply","01272026_His_constrSupply_BR_shortLT_noTC","Short lead times","Short lead times Steady-state constrained supply"
"84","Mt","01272026_His_constrSupply_BR_SS_shortLT_noTC","lithium",2095,61.53859821573,"Steady-state constrained supply","01272026_His_constrSupply_BR_shortLT_noTC","Short lead times","Short lead times Steady-state constrained supply"
"85","Mt","01272026_His_constrSupply_BR_SS_shortLT_noTC","lithium",2100,68.2692573819337,"Steady-state constrained supply","01272026_His_constrSupply_BR_shortLT_noTC","Short lead times","Short lead times Steady-state constrained supply"
"86","Mt","01272026_His_constrSupply_BR_SS_shortLT_noTC","nickel",2021,0,"Steady-state constrained supply","01272026_His_constrSupply_BR_shortLT_noTC","Short lead times","Short lead times Steady-state constrained supply"
"87","Mt","01272026_His_constrSupply_BR_SS_shortLT_noTC","nickel",2025,14.981122195,"Steady-state constrained supply","01272026_His_constrSupply_BR_shortLT_noTC","Short lead times","Short lead times Steady-state constrained supply"
"88","Mt","01272026_His_constrSupply_BR_SS_shortLT_noTC","nickel",2030,31.525423262,"Steady-state constrained supply","01272026_His_constrSupply_BR_shortLT_noTC","Short lead times","Short lead times Steady-state constrained supply"
"89","Mt","01272026_His_constrSupply_BR_SS_shortLT_noTC","nickel",2035,49.9685989307,"Steady-state constrained supply","01272026_His_constrSupply_BR_shortLT_noTC","Short lead times","Short lead times Steady-state constrained supply"
"90","Mt","01272026_His_constrSupply_BR_SS_shortLT_noTC","nickel",2040,71.6104843925,"Steady-state constrained supply","01272026_His_constrSupply_BR_shortLT_noTC","Short lead times","Short lead times Steady-state constrained supply"
"91","Mt","01272026_His_constrSupply_BR_SS_shortLT_noTC","nickel",2045,96.839699809625,"Steady-state constrained supply","01272026_His_constrSupply_BR_shortLT_noTC","Short lead times","Short lead times Steady-state constrained supply"
"92","Mt","01272026_His_constrSupply_BR_SS_shortLT_noTC","nickel",2050,124.75479282495,"Steady-state constrained supply","01272026_His_constrSupply_BR_shortLT_noTC","Short lead times","Short lead times Steady-state constrained supply"
"93","Mt","01272026_His_constrSupply_BR_SS_shortLT_noTC","nickel",2055,154.307993476125,"Steady-state constrained supply","01272026_His_constrSupply_BR_shortLT_noTC","Short lead times","Short lead times Steady-state constrained supply"
"94","Mt","01272026_His_constrSupply_BR_SS_shortLT_noTC","nickel",2060,185.703148515325,"Steady-state constrained supply","01272026_His_constrSupply_BR_shortLT_noTC","Short lead times","Short lead times Steady-state constrained supply"
"95","Mt","01272026_His_constrSupply_BR_SS_shortLT_noTC","nickel",2065,219.0751597286,"Steady-state constrained supply","01272026_His_constrSupply_BR_shortLT_noTC","Short lead times","Short lead times Steady-state constrained supply"
"96","Mt","01272026_His_constrSupply_BR_SS_shortLT_noTC","nickel",2070,254.58403816175,"Steady-state constrained supply","01272026_His_constrSupply_BR_shortLT_noTC","Short lead times","Short lead times Steady-state constrained supply"
"97","Mt","01272026_His_constrSupply_BR_SS_shortLT_noTC","nickel",2075,291.9915357369,"Steady-state constrained supply","01272026_His_constrSupply_BR_shortLT_noTC","Short lead times","Short lead times Steady-state constrained supply"
"98","Mt","01272026_His_constrSupply_BR_SS_shortLT_noTC","nickel",2080,331.378437281,"Steady-state constrained supply","01272026_His_constrSupply_BR_shortLT_noTC","Short lead times","Short lead times Steady-state constrained supply"
"99","Mt","01272026_His_constrSupply_BR_SS_shortLT_noTC","nickel",2085,372.336840311925,"Steady-state constrained supply","01272026_His_constrSupply_BR_shortLT_noTC","Short lead times","Short lead times Steady-state constrained supply"
"100","Mt","01272026_His_constrSupply_BR_SS_shortLT_noTC","nickel",2090,414.86562553487,"Steady-state constrained supply","01272026_His_constrSupply_BR_shortLT_noTC","Short lead times","Short lead times Steady-state constrained supply"
"101","Mt","01272026_His_constrSupply_BR_SS_shortLT_noTC","nickel",2095,459.22786910605,"Steady-state constrained supply","01272026_His_constrSupply_BR_shortLT_noTC","Short lead times","Short lead times Steady-state constrained supply"
"102","Mt","01272026_His_constrSupply_BR_SS_shortLT_noTC","nickel",2100,505.447417853007,"Steady-state constrained supply","01272026_His_constrSupply_BR_shortLT_noTC","Short lead times","Short lead times Steady-state constrained supply"
"103","Mt","01272026_His_constrSupply_BR_noTC","copper",2021,0,"Baseline constrained supply","01272026_His_constrSupply_BR_noTC","Average lead times","Average lead times Baseline constrained supply"
"104","Mt","01272026_His_constrSupply_BR_noTC","copper",2025,116.951860509,"Baseline constrained supply","01272026_His_constrSupply_BR_noTC","Average lead times","Average lead times Baseline constrained supply"
"105","Mt","01272026_His_constrSupply_BR_noTC","copper",2030,253.8288186985,"Baseline constrained supply","01272026_His_constrSupply_BR_noTC","Average lead times","Average lead times Baseline constrained supply"
"106","Mt","01272026_His_constrSupply_BR_noTC","copper",2035,407.46732040525,"Baseline constrained supply","01272026_His_constrSupply_BR_noTC","Average lead times","Average lead times Baseline constrained supply"
"107","Mt","01272026_His_constrSupply_BR_noTC","copper",2040,574.85079754325,"Baseline constrained supply","01272026_His_constrSupply_BR_noTC","Average lead times","Average lead times Baseline constrained supply"
"108","Mt","01272026_His_constrSupply_BR_noTC","copper",2045,755.54278744225,"Baseline constrained supply","01272026_His_constrSupply_BR_noTC","Average lead times","Average lead times Baseline constrained supply"
"109","Mt","01272026_His_constrSupply_BR_noTC","copper",2050,946.71315870315,"Baseline constrained supply","01272026_His_constrSupply_BR_noTC","Average lead times","Average lead times Baseline constrained supply"
"110","Mt","01272026_His_constrSupply_BR_noTC","copper",2055,1146.19783083943,"Baseline constrained supply","01272026_His_constrSupply_BR_noTC","Average lead times","Average lead times Baseline constrained supply"
"111","Mt","01272026_His_constrSupply_BR_noTC","copper",2060,1354.0749279053,"Baseline constrained supply","01272026_His_constrSupply_BR_noTC","Average lead times","Average lead times Baseline constrained supply"
"112","Mt","01272026_His_constrSupply_BR_noTC","copper",2065,1565.75710496925,"Baseline constrained supply","01272026_His_constrSupply_BR_noTC","Average lead times","Average lead times Baseline constrained supply"
"113","Mt","01272026_His_constrSupply_BR_noTC","copper",2070,1779.84154221785,"Baseline constrained supply","01272026_His_constrSupply_BR_noTC","Average lead times","Average lead times Baseline constrained supply"
"114","Mt","01272026_His_constrSupply_BR_noTC","copper",2075,1991.55296750783,"Baseline constrained supply","01272026_His_constrSupply_BR_noTC","Average lead times","Average lead times Baseline constrained supply"
"115","Mt","01272026_His_constrSupply_BR_noTC","copper",2080,2196.62193205003,"Baseline constrained supply","01272026_His_constrSupply_BR_noTC","Average lead times","Average lead times Baseline constrained supply"
"116","Mt","01272026_His_constrSupply_BR_noTC","copper",2085,2391.63652975922,"Baseline constrained supply","01272026_His_constrSupply_BR_noTC","Average lead times","Average lead times Baseline constrained supply"
"117","Mt","01272026_His_constrSupply_BR_noTC","copper",2090,2573.26681128422,"Baseline constrained supply","01272026_His_constrSupply_BR_noTC","Average lead times","Average lead times Baseline constrained supply"
"118","Mt","01272026_His_constrSupply_BR_noTC","copper",2095,2736.96212487457,"Baseline constrained supply","01272026_His_constrSupply_BR_noTC","Average lead times","Average lead times Baseline constrained supply"
"119","Mt","01272026_His_constrSupply_BR_noTC","copper",2100,2882.60084166162,"Baseline constrained supply","01272026_His_constrSupply_BR_noTC","Average lead times","Average lead times Baseline constrained supply"
"120","Mt","01272026_His_constrSupply_BR_noTC","lithium",2021,0,"Baseline constrained supply","01272026_His_constrSupply_BR_noTC","Average lead times","Average lead times Baseline constrained supply"
"121","Mt","01272026_His_constrSupply_BR_noTC","lithium",2025,0.7647744945,"Baseline constrained supply","01272026_His_constrSupply_BR_noTC","Average lead times","Average lead times Baseline constrained supply"
"122","Mt","01272026_His_constrSupply_BR_noTC","lithium",2030,2.23344464075,"Baseline constrained supply","01272026_His_constrSupply_BR_noTC","Average lead times","Average lead times Baseline constrained supply"
"123","Mt","01272026_His_constrSupply_BR_noTC","lithium",2035,4.362266501,"Baseline constrained supply","01272026_His_constrSupply_BR_noTC","Average lead times","Average lead times Baseline constrained supply"
"124","Mt","01272026_His_constrSupply_BR_noTC","lithium",2040,6.831105152225,"Baseline constrained supply","01272026_His_constrSupply_BR_noTC","Average lead times","Average lead times Baseline constrained supply"
"125","Mt","01272026_His_constrSupply_BR_noTC","lithium",2045,9.74120066455,"Baseline constrained supply","01272026_His_constrSupply_BR_noTC","Average lead times","Average lead times Baseline constrained supply"
"126","Mt","01272026_His_constrSupply_BR_noTC","lithium",2050,12.9222457443,"Baseline constrained supply","01272026_His_constrSupply_BR_noTC","Average lead times","Average lead times Baseline constrained supply"
"127","Mt","01272026_His_constrSupply_BR_noTC","lithium",2055,16.344181148675,"Baseline constrained supply","01272026_His_constrSupply_BR_noTC","Average lead times","Average lead times Baseline constrained supply"
"128","Mt","01272026_His_constrSupply_BR_noTC","lithium",2060,19.995363480475,"Baseline constrained supply","01272026_His_constrSupply_BR_noTC","Average lead times","Average lead times Baseline constrained supply"
"129","Mt","01272026_His_constrSupply_BR_noTC","lithium",2065,23.725592541525,"Baseline constrained supply","01272026_His_constrSupply_BR_noTC","Average lead times","Average lead times Baseline constrained supply"
"130","Mt","01272026_His_constrSupply_BR_noTC","lithium",2070,27.482519712,"Baseline constrained supply","01272026_His_constrSupply_BR_noTC","Average lead times","Average lead times Baseline constrained supply"
"131","Mt","01272026_His_constrSupply_BR_noTC","lithium",2075,31.165595099875,"Baseline constrained supply","01272026_His_constrSupply_BR_noTC","Average lead times","Average lead times Baseline constrained supply"
"132","Mt","01272026_His_constrSupply_BR_noTC","lithium",2080,34.69239290985,"Baseline constrained supply","01272026_His_constrSupply_BR_noTC","Average lead times","Average lead times Baseline constrained supply"
"133","Mt","01272026_His_constrSupply_BR_noTC","lithium",2085,37.982528591525,"Baseline constrained supply","01272026_His_constrSupply_BR_noTC","Average lead times","Average lead times Baseline constrained supply"
"134","Mt","01272026_His_constrSupply_BR_noTC","lithium",2090,40.97208947495,"Baseline constrained supply","01272026_His_constrSupply_BR_noTC","Average lead times","Average lead times Baseline constrained supply"
"135","Mt","01272026_His_constrSupply_BR_noTC","lithium",2095,43.609900161075,"Baseline constrained supply","01272026_His_constrSupply_BR_noTC","Average lead times","Average lead times Baseline constrained supply"
"136","Mt","01272026_His_constrSupply_BR_noTC","lithium",2100,45.89430289559,"Baseline constrained supply","01272026_His_constrSupply_BR_noTC","Average lead times","Average lead times Baseline constrained supply"
"137","Mt","01272026_His_constrSupply_BR_noTC","nickel",2021,0,"Baseline constrained supply","01272026_His_constrSupply_BR_noTC","Average lead times","Average lead times Baseline constrained supply"
"138","Mt","01272026_His_constrSupply_BR_noTC","nickel",2025,14.9681752795,"Baseline constrained supply","01272026_His_constrSupply_BR_noTC","Average lead times","Average lead times Baseline constrained supply"
"139","Mt","01272026_His_constrSupply_BR_noTC","nickel",2030,31.29211325925,"Baseline constrained supply","01272026_His_constrSupply_BR_noTC","Average lead times","Average lead times Baseline constrained supply"
"140","Mt","01272026_His_constrSupply_BR_noTC","nickel",2035,48.867640782,"Baseline constrained supply","01272026_His_constrSupply_BR_noTC","Average lead times","Average lead times Baseline constrained supply"
"141","Mt","01272026_His_constrSupply_BR_noTC","nickel",2040,67.72100125475,"Baseline constrained supply","01272026_His_constrSupply_BR_noTC","Average lead times","Average lead times Baseline constrained supply"
"142","Mt","01272026_His_constrSupply_BR_noTC","nickel",2045,88.42831559675,"Baseline constrained supply","01272026_His_constrSupply_BR_noTC","Average lead times","Average lead times Baseline constrained supply"
"143","Mt","01272026_His_constrSupply_BR_noTC","nickel",2050,110.7991755345,"Baseline constrained supply","01272026_His_constrSupply_BR_noTC","Average lead times","Average lead times Baseline constrained supply"
"144","Mt","01272026_His_constrSupply_BR_noTC","nickel",2055,134.79126754,"Baseline constrained supply","01272026_His_constrSupply_BR_noTC","Average lead times","Average lead times Baseline constrained supply"
"145","Mt","01272026_His_constrSupply_BR_noTC","nickel",2060,160.21489068075,"Baseline constrained supply","01272026_His_constrSupply_BR_noTC","Average lead times","Average lead times Baseline constrained supply"
"146","Mt","01272026_His_constrSupply_BR_noTC","nickel",2065,186.65656027495,"Baseline constrained supply","01272026_His_constrSupply_BR_noTC","Average lead times","Average lead times Baseline constrained supply"
"147","Mt","01272026_His_constrSupply_BR_noTC","nickel",2070,213.987203943825,"Baseline constrained supply","01272026_His_constrSupply_BR_noTC","Average lead times","Average lead times Baseline constrained supply"
"148","Mt","01272026_His_constrSupply_BR_noTC","nickel",2075,241.763332352875,"Baseline constrained supply","01272026_His_constrSupply_BR_noTC","Average lead times","Average lead times Baseline constrained supply"
"149","Mt","01272026_His_constrSupply_BR_noTC","nickel",2080,269.523788795825,"Baseline constrained supply","01272026_His_constrSupply_BR_noTC","Average lead times","Average lead times Baseline constrained supply"
"150","Mt","01272026_His_constrSupply_BR_noTC","nickel",2085,296.319233026125,"Baseline constrained supply","01272026_His_constrSupply_BR_noTC","Average lead times","Average lead times Baseline constrained supply"
"151","Mt","01272026_His_constrSupply_BR_noTC","nickel",2090,321.331902034,"Baseline constrained supply","01272026_His_constrSupply_BR_noTC","Average lead times","Average lead times Baseline constrained supply"
"152","Mt","01272026_His_constrSupply_BR_noTC","nickel",2095,344.453203905675,"Baseline constrained supply","01272026_His_constrSupply_BR_noTC","Average lead times","Average lead times Baseline constrained supply"
"153","Mt","01272026_His_constrSupply_BR_noTC","nickel",2100,365.5958764663,"Baseline constrained supply","01272026_His_constrSupply_BR_noTC","Average lead times","Average lead times Baseline constrained supply"
"154","Mt","01272026_His_constrSupply_BR_shortLT_noTC","copper",2021,0,"Baseline constrained supply","01272026_His_constrSupply_BR_shortLT_noTC","Short lead times","Short lead times Baseline constrained supply"
"155","Mt","01272026_His_constrSupply_BR_shortLT_noTC","copper",2025,117.00258831,"Baseline constrained supply","01272026_His_constrSupply_BR_shortLT_noTC","Short lead times","Short lead times Baseline constrained supply"
"156","Mt","01272026_His_constrSupply_BR_shortLT_noTC","copper",2030,254.64960609,"Baseline constrained supply","01272026_His_constrSupply_BR_shortLT_noTC","Short lead times","Short lead times Baseline constrained supply"
"157","Mt","01272026_His_constrSupply_BR_shortLT_noTC","copper",2035,411.85223588125,"Baseline constrained supply","01272026_His_constrSupply_BR_shortLT_noTC","Short lead times","Short lead times Baseline constrained supply"
"158","Mt","01272026_His_constrSupply_BR_shortLT_noTC","copper",2040,586.70135815775,"Baseline constrained supply","01272026_His_constrSupply_BR_shortLT_noTC","Short lead times","Short lead times Baseline constrained supply"
"159","Mt","01272026_His_constrSupply_BR_shortLT_noTC","copper",2045,776.7565267921,"Baseline constrained supply","01272026_His_constrSupply_BR_shortLT_noTC","Short lead times","Short lead times Baseline constrained supply"
"160","Mt","01272026_His_constrSupply_BR_shortLT_noTC","copper",2050,977.0779353826,"Baseline constrained supply","01272026_His_constrSupply_BR_shortLT_noTC","Short lead times","Short lead times Baseline constrained supply"
"161","Mt","01272026_His_constrSupply_BR_shortLT_noTC","copper",2055,1184.05294276033,"Baseline constrained supply","01272026_His_constrSupply_BR_shortLT_noTC","Short lead times","Short lead times Baseline constrained supply"
"162","Mt","01272026_His_constrSupply_BR_shortLT_noTC","copper",2060,1401.95469389827,"Baseline constrained supply","01272026_His_constrSupply_BR_shortLT_noTC","Short lead times","Short lead times Baseline constrained supply"
"163","Mt","01272026_His_constrSupply_BR_shortLT_noTC","copper",2065,1628.31108360695,"Baseline constrained supply","01272026_His_constrSupply_BR_shortLT_noTC","Short lead times","Short lead times Baseline constrained supply"
"164","Mt","01272026_His_constrSupply_BR_shortLT_noTC","copper",2070,1854.23076639677,"Baseline constrained supply","01272026_His_constrSupply_BR_shortLT_noTC","Short lead times","Short lead times Baseline constrained supply"
"165","Mt","01272026_His_constrSupply_BR_shortLT_noTC","copper",2075,2074.12896850352,"Baseline constrained supply","01272026_His_constrSupply_BR_shortLT_noTC","Short lead times","Short lead times Baseline constrained supply"
"166","Mt","01272026_His_constrSupply_BR_shortLT_noTC","copper",2080,2283.56653231483,"Baseline constrained supply","01272026_His_constrSupply_BR_shortLT_noTC","Short lead times","Short lead times Baseline constrained supply"
"167","Mt","01272026_His_constrSupply_BR_shortLT_noTC","copper",2085,2480.55732251727,"Baseline constrained supply","01272026_His_constrSupply_BR_shortLT_noTC","Short lead times","Short lead times Baseline constrained supply"
"168","Mt","01272026_His_constrSupply_BR_shortLT_noTC","copper",2090,2662.66271005662,"Baseline constrained supply","01272026_His_constrSupply_BR_shortLT_noTC","Short lead times","Short lead times Baseline constrained supply"
"169","Mt","01272026_His_constrSupply_BR_shortLT_noTC","copper",2095,2825.52954835447,"Baseline constrained supply","01272026_His_constrSupply_BR_shortLT_noTC","Short lead times","Short lead times Baseline constrained supply"
"170","Mt","01272026_His_constrSupply_BR_shortLT_noTC","copper",2100,2968.8284547293,"Baseline constrained supply","01272026_His_constrSupply_BR_shortLT_noTC","Short lead times","Short lead times Baseline constrained supply"
"171","Mt","01272026_His_constrSupply_BR_shortLT_noTC","lithium",2021,0,"Baseline constrained supply","01272026_His_constrSupply_BR_shortLT_noTC","Short lead times","Short lead times Baseline constrained supply"
"172","Mt","01272026_His_constrSupply_BR_shortLT_noTC","lithium",2025,0.76646289825,"Baseline constrained supply","01272026_His_constrSupply_BR_shortLT_noTC","Short lead times","Short lead times Baseline constrained supply"
"173","Mt","01272026_His_constrSupply_BR_shortLT_noTC","lithium",2030,2.243806697,"Baseline constrained supply","01272026_His_constrSupply_BR_shortLT_noTC","Short lead times","Short lead times Baseline constrained supply"
"174","Mt","01272026_His_constrSupply_BR_shortLT_noTC","lithium",2035,4.4201938915,"Baseline constrained supply","01272026_His_constrSupply_BR_shortLT_noTC","Short lead times","Short lead times Baseline constrained supply"
"175","Mt","01272026_His_constrSupply_BR_shortLT_noTC","lithium",2040,7.01406041911,"Baseline constrained supply","01272026_His_constrSupply_BR_shortLT_noTC","Short lead times","Short lead times Baseline constrained supply"
"176","Mt","01272026_His_constrSupply_BR_shortLT_noTC","lithium",2045,10.09514124866,"Baseline constrained supply","01272026_His_constrSupply_BR_shortLT_noTC","Short lead times","Short lead times Baseline constrained supply"
"177","Mt","01272026_His_constrSupply_BR_shortLT_noTC","lithium",2050,13.4638867680025,"Baseline constrained supply","01272026_His_constrSupply_BR_shortLT_noTC","Short lead times","Short lead times Baseline constrained supply"
"178","Mt","01272026_His_constrSupply_BR_shortLT_noTC","lithium",2055,17.06674364826,"Baseline constrained supply","01272026_His_constrSupply_BR_shortLT_noTC","Short lead times","Short lead times Baseline constrained supply"
"179","Mt","01272026_His_constrSupply_BR_shortLT_noTC","lithium",2060,20.9233261886825,"Baseline constrained supply","01272026_His_constrSupply_BR_shortLT_noTC","Short lead times","Short lead times Baseline constrained supply"
"180","Mt","01272026_His_constrSupply_BR_shortLT_noTC","lithium",2065,24.9095820392375,"Baseline constrained supply","01272026_His_constrSupply_BR_shortLT_noTC","Short lead times","Short lead times Baseline constrained supply"
"181","Mt","01272026_His_constrSupply_BR_shortLT_noTC","lithium",2070,28.90427740727,"Baseline constrained supply","01272026_His_constrSupply_BR_shortLT_noTC","Short lead times","Short lead times Baseline constrained supply"
"182","Mt","01272026_His_constrSupply_BR_shortLT_noTC","lithium",2075,32.795238779175,"Baseline constrained supply","01272026_His_constrSupply_BR_shortLT_noTC","Short lead times","Short lead times Baseline constrained supply"
"183","Mt","01272026_His_constrSupply_BR_shortLT_noTC","lithium",2080,36.4711637184615,"Baseline constrained supply","01272026_His_constrSupply_BR_shortLT_noTC","Short lead times","Short lead times Baseline constrained supply"
"184","Mt","01272026_His_constrSupply_BR_shortLT_noTC","lithium",2085,39.874399522694,"Baseline constrained supply","01272026_His_constrSupply_BR_shortLT_noTC","Short lead times","Short lead times Baseline constrained supply"
"185","Mt","01272026_His_constrSupply_BR_shortLT_noTC","lithium",2090,42.9401688243908,"Baseline constrained supply","01272026_His_constrSupply_BR_shortLT_noTC","Short lead times","Short lead times Baseline constrained supply"
"186","Mt","01272026_His_constrSupply_BR_shortLT_noTC","lithium",2095,45.6225312529583,"Baseline constrained supply","01272026_His_constrSupply_BR_shortLT_noTC","Short lead times","Short lead times Baseline constrained supply"
"187","Mt","01272026_His_constrSupply_BR_shortLT_noTC","lithium",2100,47.9009772598368,"Baseline constrained supply","01272026_His_constrSupply_BR_shortLT_noTC","Short lead times","Short lead times Baseline constrained supply"
"188","Mt","01272026_His_constrSupply_BR_shortLT_noTC","nickel",2021,0,"Baseline constrained supply","01272026_His_constrSupply_BR_shortLT_noTC","Short lead times","Short lead times Baseline constrained supply"
"189","Mt","01272026_His_constrSupply_BR_shortLT_noTC","nickel",2025,14.981122195,"Baseline constrained supply","01272026_His_constrSupply_BR_shortLT_noTC","Short lead times","Short lead times Baseline constrained supply"
"190","Mt","01272026_His_constrSupply_BR_shortLT_noTC","nickel",2030,31.512005659,"Baseline constrained supply","01272026_His_constrSupply_BR_shortLT_noTC","Short lead times","Short lead times Baseline constrained supply"
"191","Mt","01272026_His_constrSupply_BR_shortLT_noTC","nickel",2035,49.7076334137,"Baseline constrained supply","01272026_His_constrSupply_BR_shortLT_noTC","Short lead times","Short lead times Baseline constrained supply"
"192","Mt","01272026_His_constrSupply_BR_shortLT_noTC","nickel",2040,69.934359898725,"Baseline constrained supply","01272026_His_constrSupply_BR_shortLT_noTC","Short lead times","Short lead times Baseline constrained supply"
"193","Mt","01272026_His_constrSupply_BR_shortLT_noTC","nickel",2045,92.402166892225,"Baseline constrained supply","01272026_His_constrSupply_BR_shortLT_noTC","Short lead times","Short lead times Baseline constrained supply"
"194","Mt","01272026_His_constrSupply_BR_shortLT_noTC","nickel",2050,116.6717155683,"Baseline constrained supply","01272026_His_constrSupply_BR_shortLT_noTC","Short lead times","Short lead times Baseline constrained supply"
"195","Mt","01272026_His_constrSupply_BR_shortLT_noTC","nickel",2055,142.15645843505,"Baseline constrained supply","01272026_His_constrSupply_BR_shortLT_noTC","Short lead times","Short lead times Baseline constrained supply"
"196","Mt","01272026_His_constrSupply_BR_shortLT_noTC","nickel",2060,168.882009942075,"Baseline constrained supply","01272026_His_constrSupply_BR_shortLT_noTC","Short lead times","Short lead times Baseline constrained supply"
"197","Mt","01272026_His_constrSupply_BR_shortLT_noTC","nickel",2065,196.712576947625,"Baseline constrained supply","01272026_His_constrSupply_BR_shortLT_noTC","Short lead times","Short lead times Baseline constrained supply"
"198","Mt","01272026_His_constrSupply_BR_shortLT_noTC","nickel",2070,225.21861757625,"Baseline constrained supply","01272026_His_constrSupply_BR_shortLT_noTC","Short lead times","Short lead times Baseline constrained supply"
"199","Mt","01272026_His_constrSupply_BR_shortLT_noTC","nickel",2075,253.855002341325,"Baseline constrained supply","01272026_His_constrSupply_BR_shortLT_noTC","Short lead times","Short lead times Baseline constrained supply"
"200","Mt","01272026_His_constrSupply_BR_shortLT_noTC","nickel",2080,282.3453487504,"Baseline constrained supply","01272026_His_constrSupply_BR_shortLT_noTC","Short lead times","Short lead times Baseline constrained supply"
"201","Mt","01272026_His_constrSupply_BR_shortLT_noTC","nickel",2085,310.03422385095,"Baseline constrained supply","01272026_His_constrSupply_BR_shortLT_noTC","Short lead times","Short lead times Baseline constrained supply"
"202","Mt","01272026_His_constrSupply_BR_shortLT_noTC","nickel",2090,335.349760304725,"Baseline constrained supply","01272026_His_constrSupply_BR_shortLT_noTC","Short lead times","Short lead times Baseline constrained supply"
"203","Mt","01272026_His_constrSupply_BR_shortLT_noTC","nickel",2095,358.169421801808,"Baseline constrained supply","01272026_His_constrSupply_BR_shortLT_noTC","Short lead times","Short lead times Baseline constrained supply"
"204","Mt","01272026_His_constrSupply_BR_shortLT_noTC","nickel",2100,378.486481018435,"Baseline constrained supply","01272026_His_constrSupply_BR_shortLT_noTC","Short lead times","Short lead times Baseline constrained supply"
"205","Mt","01272026_His_constrSupply_EnR_SS_noTC","copper",2021,0,"Steady-state constrained supply","01272026_His_constrSupply_EnR_noTC","Average lead times","Average lead times Steady-state constrained supply"
"206","Mt","01272026_His_constrSupply_EnR_SS_noTC","copper",2025,116.610985337,"Steady-state constrained supply","01272026_His_constrSupply_EnR_noTC","Average lead times","Average lead times Steady-state constrained supply"
"207","Mt","01272026_His_constrSupply_EnR_SS_noTC","copper",2030,252.62518478475,"Steady-state constrained supply","01272026_His_constrSupply_EnR_noTC","Average lead times","Average lead times Steady-state constrained supply"
"208","Mt","01272026_His_constrSupply_EnR_SS_noTC","copper",2035,405.1549625615,"Steady-state constrained supply","01272026_His_constrSupply_EnR_noTC","Average lead times","Average lead times Steady-state constrained supply"
"209","Mt","01272026_His_constrSupply_EnR_SS_noTC","copper",2040,570.2896834583,"Steady-state constrained supply","01272026_His_constrSupply_EnR_noTC","Average lead times","Average lead times Steady-state constrained supply"
"210","Mt","01272026_His_constrSupply_EnR_SS_noTC","copper",2045,750.704832676125,"Steady-state constrained supply","01272026_His_constrSupply_EnR_noTC","Average lead times","Average lead times Steady-state constrained supply"
"211","Mt","01272026_His_constrSupply_EnR_SS_noTC","copper",2050,944.403223309475,"Steady-state constrained supply","01272026_His_constrSupply_EnR_noTC","Average lead times","Average lead times Steady-state constrained supply"
"212","Mt","01272026_His_constrSupply_EnR_SS_noTC","copper",2055,1149.4820848347,"Steady-state constrained supply","01272026_His_constrSupply_EnR_noTC","Average lead times","Average lead times Steady-state constrained supply"
"213","Mt","01272026_His_constrSupply_EnR_SS_noTC","copper",2060,1366.99407098617,"Steady-state constrained supply","01272026_His_constrSupply_EnR_noTC","Average lead times","Average lead times Steady-state constrained supply"
"214","Mt","01272026_His_constrSupply_EnR_SS_noTC","copper",2065,1596.69606234957,"Steady-state constrained supply","01272026_His_constrSupply_EnR_noTC","Average lead times","Average lead times Steady-state constrained supply"
"215","Mt","01272026_His_constrSupply_EnR_SS_noTC","copper",2070,1840.0940027584,"Steady-state constrained supply","01272026_His_constrSupply_EnR_noTC","Average lead times","Average lead times Steady-state constrained supply"
"216","Mt","01272026_His_constrSupply_EnR_SS_noTC","copper",2075,2096.13415979892,"Steady-state constrained supply","01272026_His_constrSupply_EnR_noTC","Average lead times","Average lead times Steady-state constrained supply"
"217","Mt","01272026_His_constrSupply_EnR_SS_noTC","copper",2080,2364.81642819873,"Steady-state constrained supply","01272026_His_constrSupply_EnR_noTC","Average lead times","Average lead times Steady-state constrained supply"
"218","Mt","01272026_His_constrSupply_EnR_SS_noTC","copper",2085,2645.13292013152,"Steady-state constrained supply","01272026_His_constrSupply_EnR_noTC","Average lead times","Average lead times Steady-state constrained supply"
"219","Mt","01272026_His_constrSupply_EnR_SS_noTC","copper",2090,2935.91472130737,"Steady-state constrained supply","01272026_His_constrSupply_EnR_noTC","Average lead times","Average lead times Steady-state constrained supply"
"220","Mt","01272026_His_constrSupply_EnR_SS_noTC","copper",2095,3236.04035327063,"Steady-state constrained supply","01272026_His_constrSupply_EnR_noTC","Average lead times","Average lead times Steady-state constrained supply"
"221","Mt","01272026_His_constrSupply_EnR_SS_noTC","copper",2100,3545.94055048833,"Steady-state constrained supply","01272026_His_constrSupply_EnR_noTC","Average lead times","Average lead times Steady-state constrained supply"
"222","Mt","01272026_His_constrSupply_EnR_SS_noTC","lithium",2021,0,"Steady-state constrained supply","01272026_His_constrSupply_EnR_noTC","Average lead times","Average lead times Steady-state constrained supply"
"223","Mt","01272026_His_constrSupply_EnR_SS_noTC","lithium",2025,0.763423986,"Steady-state constrained supply","01272026_His_constrSupply_EnR_noTC","Average lead times","Average lead times Steady-state constrained supply"
"224","Mt","01272026_His_constrSupply_EnR_SS_noTC","lithium",2030,2.2251612945,"Steady-state constrained supply","01272026_His_constrSupply_EnR_noTC","Average lead times","Average lead times Steady-state constrained supply"
"225","Mt","01272026_His_constrSupply_EnR_SS_noTC","lithium",2035,4.34814779575,"Steady-state constrained supply","01272026_His_constrSupply_EnR_noTC","Average lead times","Average lead times Steady-state constrained supply"
"226","Mt","01272026_His_constrSupply_EnR_SS_noTC","lithium",2040,6.785241306075,"Steady-state constrained supply","01272026_His_constrSupply_EnR_noTC","Average lead times","Average lead times Steady-state constrained supply"
"227","Mt","01272026_His_constrSupply_EnR_SS_noTC","lithium",2045,9.646556400125,"Steady-state constrained supply","01272026_His_constrSupply_EnR_noTC","Average lead times","Average lead times Steady-state constrained supply"
"228","Mt","01272026_His_constrSupply_EnR_SS_noTC","lithium",2050,12.752191579225,"Steady-state constrained supply","01272026_His_constrSupply_EnR_noTC","Average lead times","Average lead times Steady-state constrained supply"
"229","Mt","01272026_His_constrSupply_EnR_SS_noTC","lithium",2055,16.106893819375,"Steady-state constrained supply","01272026_His_constrSupply_EnR_noTC","Average lead times","Average lead times Steady-state constrained supply"
"230","Mt","01272026_His_constrSupply_EnR_SS_noTC","lithium",2060,19.7706705762,"Steady-state constrained supply","01272026_His_constrSupply_EnR_noTC","Average lead times","Average lead times Steady-state constrained supply"
"231","Mt","01272026_His_constrSupply_EnR_SS_noTC","lithium",2065,23.639870802025,"Steady-state constrained supply","01272026_His_constrSupply_EnR_noTC","Average lead times","Average lead times Steady-state constrained supply"
"232","Mt","01272026_His_constrSupply_EnR_SS_noTC","lithium",2070,27.738136514185,"Steady-state constrained supply","01272026_His_constrSupply_EnR_noTC","Average lead times","Average lead times Steady-state constrained supply"
"233","Mt","01272026_His_constrSupply_EnR_SS_noTC","lithium",2075,32.0866835251675,"Steady-state constrained supply","01272026_His_constrSupply_EnR_noTC","Average lead times","Average lead times Steady-state constrained supply"
"234","Mt","01272026_His_constrSupply_EnR_SS_noTC","lithium",2080,36.7274962789125,"Steady-state constrained supply","01272026_His_constrSupply_EnR_noTC","Average lead times","Average lead times Steady-state constrained supply"
"235","Mt","01272026_His_constrSupply_EnR_SS_noTC","lithium",2085,41.687626393105,"Steady-state constrained supply","01272026_His_constrSupply_EnR_noTC","Average lead times","Average lead times Steady-state constrained supply"
"236","Mt","01272026_His_constrSupply_EnR_SS_noTC","lithium",2090,46.93936212939,"Steady-state constrained supply","01272026_His_constrSupply_EnR_noTC","Average lead times","Average lead times Steady-state constrained supply"
"237","Mt","01272026_His_constrSupply_EnR_SS_noTC","lithium",2095,52.410991444215,"Steady-state constrained supply","01272026_His_constrSupply_EnR_noTC","Average lead times","Average lead times Steady-state constrained supply"
"238","Mt","01272026_His_constrSupply_EnR_SS_noTC","lithium",2100,58.0775931297108,"Steady-state constrained supply","01272026_His_constrSupply_EnR_noTC","Average lead times","Average lead times Steady-state constrained supply"
"239","Mt","01272026_His_constrSupply_EnR_SS_noTC","nickel",2021,0,"Steady-state constrained supply","01272026_His_constrSupply_EnR_noTC","Average lead times","Average lead times Steady-state constrained supply"
"240","Mt","01272026_His_constrSupply_EnR_SS_noTC","nickel",2025,14.9501630735,"Steady-state constrained supply","01272026_His_constrSupply_EnR_noTC","Average lead times","Average lead times Steady-state constrained supply"
"241","Mt","01272026_His_constrSupply_EnR_SS_noTC","nickel",2030,31.233282348,"Steady-state constrained supply","01272026_His_constrSupply_EnR_noTC","Average lead times","Average lead times Steady-state constrained supply"
"242","Mt","01272026_His_constrSupply_EnR_SS_noTC","nickel",2035,48.77331294575,"Steady-state constrained supply","01272026_His_constrSupply_EnR_noTC","Average lead times","Average lead times Steady-state constrained supply"
"243","Mt","01272026_His_constrSupply_EnR_SS_noTC","nickel",2040,67.7508294765,"Steady-state constrained supply","01272026_His_constrSupply_EnR_noTC","Average lead times","Average lead times Steady-state constrained supply"
"244","Mt","01272026_His_constrSupply_EnR_SS_noTC","nickel",2045,89.12541717725,"Steady-state constrained supply","01272026_His_constrSupply_EnR_noTC","Average lead times","Average lead times Steady-state constrained supply"
"245","Mt","01272026_His_constrSupply_EnR_SS_noTC","nickel",2050,113.22808464,"Steady-state constrained supply","01272026_His_constrSupply_EnR_noTC","Average lead times","Average lead times Steady-state constrained supply"
"246","Mt","01272026_His_constrSupply_EnR_SS_noTC","nickel",2055,139.60494009125,"Steady-state constrained supply","01272026_His_constrSupply_EnR_noTC","Average lead times","Average lead times Steady-state constrained supply"
"247","Mt","01272026_His_constrSupply_EnR_SS_noTC","nickel",2060,167.81370827325,"Steady-state constrained supply","01272026_His_constrSupply_EnR_noTC","Average lead times","Average lead times Steady-state constrained supply"
"248","Mt","01272026_His_constrSupply_EnR_SS_noTC","nickel",2065,197.750072422,"Steady-state constrained supply","01272026_His_constrSupply_EnR_noTC","Average lead times","Average lead times Steady-state constrained supply"
"249","Mt","01272026_His_constrSupply_EnR_SS_noTC","nickel",2070,229.419834110475,"Steady-state constrained supply","01272026_His_constrSupply_EnR_noTC","Average lead times","Average lead times Steady-state constrained supply"
"250","Mt","01272026_His_constrSupply_EnR_SS_noTC","nickel",2075,262.770615536225,"Steady-state constrained supply","01272026_His_constrSupply_EnR_noTC","Average lead times","Average lead times Steady-state constrained supply"
"251","Mt","01272026_His_constrSupply_EnR_SS_noTC","nickel",2080,297.855557248975,"Steady-state constrained supply","01272026_His_constrSupply_EnR_noTC","Average lead times","Average lead times Steady-state constrained supply"
"252","Mt","01272026_His_constrSupply_EnR_SS_noTC","nickel",2085,334.4427504866,"Steady-state constrained supply","01272026_His_constrSupply_EnR_noTC","Average lead times","Average lead times Steady-state constrained supply"
"253","Mt","01272026_His_constrSupply_EnR_SS_noTC","nickel",2090,372.426273524615,"Steady-state constrained supply","01272026_His_constrSupply_EnR_noTC","Average lead times","Average lead times Steady-state constrained supply"
"254","Mt","01272026_His_constrSupply_EnR_SS_noTC","nickel",2095,411.742134078815,"Steady-state constrained supply","01272026_His_constrSupply_EnR_noTC","Average lead times","Average lead times Steady-state constrained supply"
"255","Mt","01272026_His_constrSupply_EnR_SS_noTC","nickel",2100,452.276296942615,"Steady-state constrained supply","01272026_His_constrSupply_EnR_noTC","Average lead times","Average lead times Steady-state constrained supply"
"256","Mt","01272026_His_constrSupply_EnR_SS_shortLT_noTC","copper",2021,0,"Steady-state constrained supply","01272026_His_constrSupply_EnR_shortLT_noTC","Short lead times","Short lead times Steady-state constrained supply"
"257","Mt","01272026_His_constrSupply_EnR_SS_shortLT_noTC","copper",2025,116.6688967375,"Steady-state constrained supply","01272026_His_constrSupply_EnR_shortLT_noTC","Short lead times","Short lead times Steady-state constrained supply"
"258","Mt","01272026_His_constrSupply_EnR_SS_shortLT_noTC","copper",2030,253.450617962,"Steady-state constrained supply","01272026_His_constrSupply_EnR_shortLT_noTC","Short lead times","Short lead times Steady-state constrained supply"
"259","Mt","01272026_His_constrSupply_EnR_SS_shortLT_noTC","copper",2035,410.11690800695,"Steady-state constrained supply","01272026_His_constrSupply_EnR_shortLT_noTC","Short lead times","Short lead times Steady-state constrained supply"
"260","Mt","01272026_His_constrSupply_EnR_SS_shortLT_noTC","copper",2040,586.42116996977,"Steady-state constrained supply","01272026_His_constrSupply_EnR_shortLT_noTC","Short lead times","Short lead times Steady-state constrained supply"
"261","Mt","01272026_His_constrSupply_EnR_SS_shortLT_noTC","copper",2045,776.92715781045,"Steady-state constrained supply","01272026_His_constrSupply_EnR_shortLT_noTC","Short lead times","Short lead times Steady-state constrained supply"
"262","Mt","01272026_His_constrSupply_EnR_SS_shortLT_noTC","copper",2050,973.312808378333,"Steady-state constrained supply","01272026_His_constrSupply_EnR_shortLT_noTC","Short lead times","Short lead times Steady-state constrained supply"
"263","Mt","01272026_His_constrSupply_EnR_SS_shortLT_noTC","copper",2055,1177.02714778445,"Steady-state constrained supply","01272026_His_constrSupply_EnR_shortLT_noTC","Short lead times","Short lead times Steady-state constrained supply"
"264","Mt","01272026_His_constrSupply_EnR_SS_shortLT_noTC","copper",2060,1393.43999238684,"Steady-state constrained supply","01272026_His_constrSupply_EnR_shortLT_noTC","Short lead times","Short lead times Steady-state constrained supply"
"265","Mt","01272026_His_constrSupply_EnR_SS_shortLT_noTC","copper",2065,1622.72832348995,"Steady-state constrained supply","01272026_His_constrSupply_EnR_shortLT_noTC","Short lead times","Short lead times Steady-state constrained supply"
"266","Mt","01272026_His_constrSupply_EnR_SS_shortLT_noTC","copper",2070,1866.68907976565,"Steady-state constrained supply","01272026_His_constrSupply_EnR_shortLT_noTC","Short lead times","Short lead times Steady-state constrained supply"
"267","Mt","01272026_His_constrSupply_EnR_SS_shortLT_noTC","copper",2075,2123.17010620389,"Steady-state constrained supply","01272026_His_constrSupply_EnR_shortLT_noTC","Short lead times","Short lead times Steady-state constrained supply"
"268","Mt","01272026_His_constrSupply_EnR_SS_shortLT_noTC","copper",2080,2392.27315412512,"Steady-state constrained supply","01272026_His_constrSupply_EnR_shortLT_noTC","Short lead times","Short lead times Steady-state constrained supply"
"269","Mt","01272026_His_constrSupply_EnR_SS_shortLT_noTC","copper",2085,2672.97234251772,"Steady-state constrained supply","01272026_His_constrSupply_EnR_shortLT_noTC","Short lead times","Short lead times Steady-state constrained supply"
"270","Mt","01272026_His_constrSupply_EnR_SS_shortLT_noTC","copper",2090,2964.42128347438,"Steady-state constrained supply","01272026_His_constrSupply_EnR_shortLT_noTC","Short lead times","Short lead times Steady-state constrained supply"
"271","Mt","01272026_His_constrSupply_EnR_SS_shortLT_noTC","copper",2095,3266.54033344548,"Steady-state constrained supply","01272026_His_constrSupply_EnR_shortLT_noTC","Short lead times","Short lead times Steady-state constrained supply"
"272","Mt","01272026_His_constrSupply_EnR_SS_shortLT_noTC","copper",2100,3582.57062278882,"Steady-state constrained supply","01272026_His_constrSupply_EnR_shortLT_noTC","Short lead times","Short lead times Steady-state constrained supply"
"273","Mt","01272026_His_constrSupply_EnR_SS_shortLT_noTC","lithium",2021,0,"Steady-state constrained supply","01272026_His_constrSupply_EnR_shortLT_noTC","Short lead times","Short lead times Steady-state constrained supply"
"274","Mt","01272026_His_constrSupply_EnR_SS_shortLT_noTC","lithium",2025,0.76512379575,"Steady-state constrained supply","01272026_His_constrSupply_EnR_shortLT_noTC","Short lead times","Short lead times Steady-state constrained supply"
"275","Mt","01272026_His_constrSupply_EnR_SS_shortLT_noTC","lithium",2030,2.23556323725,"Steady-state constrained supply","01272026_His_constrSupply_EnR_shortLT_noTC","Short lead times","Short lead times Steady-state constrained supply"
"276","Mt","01272026_His_constrSupply_EnR_SS_shortLT_noTC","lithium",2035,4.4138191166,"Steady-state constrained supply","01272026_His_constrSupply_EnR_shortLT_noTC","Short lead times","Short lead times Steady-state constrained supply"
"277","Mt","01272026_His_constrSupply_EnR_SS_shortLT_noTC","lithium",2040,7.007877482575,"Steady-state constrained supply","01272026_His_constrSupply_EnR_shortLT_noTC","Short lead times","Short lead times Steady-state constrained supply"
"278","Mt","01272026_His_constrSupply_EnR_SS_shortLT_noTC","lithium",2045,10.016843230975,"Steady-state constrained supply","01272026_His_constrSupply_EnR_shortLT_noTC","Short lead times","Short lead times Steady-state constrained supply"
"279","Mt","01272026_His_constrSupply_EnR_SS_shortLT_noTC","lithium",2050,13.220311643275,"Steady-state constrained supply","01272026_His_constrSupply_EnR_shortLT_noTC","Short lead times","Short lead times Steady-state constrained supply"
"280","Mt","01272026_His_constrSupply_EnR_SS_shortLT_noTC","lithium",2055,16.648151917775,"Steady-state constrained supply","01272026_His_constrSupply_EnR_shortLT_noTC","Short lead times","Short lead times Steady-state constrained supply"
"281","Mt","01272026_His_constrSupply_EnR_SS_shortLT_noTC","lithium",2060,20.369071533125,"Steady-state constrained supply","01272026_His_constrSupply_EnR_shortLT_noTC","Short lead times","Short lead times Steady-state constrained supply"
"282","Mt","01272026_His_constrSupply_EnR_SS_shortLT_noTC","lithium",2065,24.30427828255,"Steady-state constrained supply","01272026_His_constrSupply_EnR_shortLT_noTC","Short lead times","Short lead times Steady-state constrained supply"
"283","Mt","01272026_His_constrSupply_EnR_SS_shortLT_noTC","lithium",2070,28.45289343795,"Steady-state constrained supply","01272026_His_constrSupply_EnR_shortLT_noTC","Short lead times","Short lead times Steady-state constrained supply"
"284","Mt","01272026_His_constrSupply_EnR_SS_shortLT_noTC","lithium",2075,32.8419274642,"Steady-state constrained supply","01272026_His_constrSupply_EnR_shortLT_noTC","Short lead times","Short lead times Steady-state constrained supply"
"285","Mt","01272026_His_constrSupply_EnR_SS_shortLT_noTC","lithium",2080,37.5071739867,"Steady-state constrained supply","01272026_His_constrSupply_EnR_shortLT_noTC","Short lead times","Short lead times Steady-state constrained supply"
"286","Mt","01272026_His_constrSupply_EnR_SS_shortLT_noTC","lithium",2085,42.49186465415,"Steady-state constrained supply","01272026_His_constrSupply_EnR_shortLT_noTC","Short lead times","Short lead times Steady-state constrained supply"
"287","Mt","01272026_His_constrSupply_EnR_SS_shortLT_noTC","lithium",2090,47.782064390625,"Steady-state constrained supply","01272026_His_constrSupply_EnR_shortLT_noTC","Short lead times","Short lead times Steady-state constrained supply"
"288","Mt","01272026_His_constrSupply_EnR_SS_shortLT_noTC","lithium",2095,53.292831248575,"Steady-state constrained supply","01272026_His_constrSupply_EnR_shortLT_noTC","Short lead times","Short lead times Steady-state constrained supply"
"289","Mt","01272026_His_constrSupply_EnR_SS_shortLT_noTC","lithium",2100,59.001872940205,"Steady-state constrained supply","01272026_His_constrSupply_EnR_shortLT_noTC","Short lead times","Short lead times Steady-state constrained supply"
"290","Mt","01272026_His_constrSupply_EnR_SS_shortLT_noTC","nickel",2021,0,"Steady-state constrained supply","01272026_His_constrSupply_EnR_shortLT_noTC","Short lead times","Short lead times Steady-state constrained supply"
"291","Mt","01272026_His_constrSupply_EnR_SS_shortLT_noTC","nickel",2025,14.963114055,"Steady-state constrained supply","01272026_His_constrSupply_EnR_shortLT_noTC","Short lead times","Short lead times Steady-state constrained supply"
"292","Mt","01272026_His_constrSupply_EnR_SS_shortLT_noTC","nickel",2030,31.460931557,"Steady-state constrained supply","01272026_His_constrSupply_EnR_shortLT_noTC","Short lead times","Short lead times Steady-state constrained supply"
"293","Mt","01272026_His_constrSupply_EnR_SS_shortLT_noTC","nickel",2035,49.804518262,"Steady-state constrained supply","01272026_His_constrSupply_EnR_shortLT_noTC","Short lead times","Short lead times Steady-state constrained supply"
"294","Mt","01272026_His_constrSupply_EnR_SS_shortLT_noTC","nickel",2040,71.13162496925,"Steady-state constrained supply","01272026_His_constrSupply_EnR_shortLT_noTC","Short lead times","Short lead times Steady-state constrained supply"
"295","Mt","01272026_His_constrSupply_EnR_SS_shortLT_noTC","nickel",2045,95.1765471235,"Steady-state constrained supply","01272026_His_constrSupply_EnR_shortLT_noTC","Short lead times","Short lead times Steady-state constrained supply"
"296","Mt","01272026_His_constrSupply_EnR_SS_shortLT_noTC","nickel",2050,120.94304320095,"Steady-state constrained supply","01272026_His_constrSupply_EnR_shortLT_noTC","Short lead times","Short lead times Steady-state constrained supply"
"297","Mt","01272026_His_constrSupply_EnR_SS_shortLT_noTC","nickel",2055,147.854003050875,"Steady-state constrained supply","01272026_His_constrSupply_EnR_shortLT_noTC","Short lead times","Short lead times Steady-state constrained supply"
"298","Mt","01272026_His_constrSupply_EnR_SS_shortLT_noTC","nickel",2060,176.304696832825,"Steady-state constrained supply","01272026_His_constrSupply_EnR_shortLT_noTC","Short lead times","Short lead times Steady-state constrained supply"
"299","Mt","01272026_His_constrSupply_EnR_SS_shortLT_noTC","nickel",2065,206.43195410645,"Steady-state constrained supply","01272026_His_constrSupply_EnR_shortLT_noTC","Short lead times","Short lead times Steady-state constrained supply"
"300","Mt","01272026_His_constrSupply_EnR_SS_shortLT_noTC","nickel",2070,238.470358186125,"Steady-state constrained supply","01272026_His_constrSupply_EnR_shortLT_noTC","Short lead times","Short lead times Steady-state constrained supply"
"301","Mt","01272026_His_constrSupply_EnR_SS_shortLT_noTC","nickel",2075,272.188218589575,"Steady-state constrained supply","01272026_His_constrSupply_EnR_shortLT_noTC","Short lead times","Short lead times Steady-state constrained supply"
"302","Mt","01272026_His_constrSupply_EnR_SS_shortLT_noTC","nickel",2080,307.620115963075,"Steady-state constrained supply","01272026_His_constrSupply_EnR_shortLT_noTC","Short lead times","Short lead times Steady-state constrained supply"
"303","Mt","01272026_His_constrSupply_EnR_SS_shortLT_noTC","nickel",2085,344.38405638065,"Steady-state constrained supply","01272026_His_constrSupply_EnR_shortLT_noTC","Short lead times","Short lead times Steady-state constrained supply"
"304","Mt","01272026_His_constrSupply_EnR_SS_shortLT_noTC","nickel",2090,382.6038787173,"Steady-state constrained supply","01272026_His_constrSupply_EnR_shortLT_noTC","Short lead times","Short lead times Steady-state constrained supply"
"305","Mt","01272026_His_constrSupply_EnR_SS_shortLT_noTC","nickel",2095,422.5357373132,"Steady-state constrained supply","01272026_His_constrSupply_EnR_shortLT_noTC","Short lead times","Short lead times Steady-state constrained supply"
"306","Mt","01272026_His_constrSupply_EnR_SS_shortLT_noTC","nickel",2100,464.0442948935,"Steady-state constrained supply","01272026_His_constrSupply_EnR_shortLT_noTC","Short lead times","Short lead times Steady-state constrained supply"
"307","Mt","01272026_His_constrSupply_EnR_noTC","copper",2021,0,"Baseline constrained supply","01272026_His_constrSupply_EnR_noTC","Average lead times","Average lead times Baseline constrained supply"
"308","Mt","01272026_His_constrSupply_EnR_noTC","copper",2025,116.610950672,"Baseline constrained supply","01272026_His_constrSupply_EnR_noTC","Average lead times","Average lead times Baseline constrained supply"
"309","Mt","01272026_His_constrSupply_EnR_noTC","copper",2030,252.61246816975,"Baseline constrained supply","01272026_His_constrSupply_EnR_noTC","Average lead times","Average lead times Baseline constrained supply"
"310","Mt","01272026_His_constrSupply_EnR_noTC","copper",2035,404.7200701725,"Baseline constrained supply","01272026_His_constrSupply_EnR_noTC","Average lead times","Average lead times Baseline constrained supply"
"311","Mt","01272026_His_constrSupply_EnR_noTC","copper",2040,567.62829396425,"Baseline constrained supply","01272026_His_constrSupply_EnR_noTC","Average lead times","Average lead times Baseline constrained supply"
"312","Mt","01272026_His_constrSupply_EnR_noTC","copper",2045,740.06421751025,"Baseline constrained supply","01272026_His_constrSupply_EnR_noTC","Average lead times","Average lead times Baseline constrained supply"
"313","Mt","01272026_His_constrSupply_EnR_noTC","copper",2050,919.434347668,"Baseline constrained supply","01272026_His_constrSupply_EnR_noTC","Average lead times","Average lead times Baseline constrained supply"
"314","Mt","01272026_His_constrSupply_EnR_noTC","copper",2055,1105.65361014875,"Baseline constrained supply","01272026_His_constrSupply_EnR_noTC","Average lead times","Average lead times Baseline constrained supply"
"315","Mt","01272026_His_constrSupply_EnR_noTC","copper",2060,1302.304051742,"Baseline constrained supply","01272026_His_constrSupply_EnR_noTC","Average lead times","Average lead times Baseline constrained supply"
"316","Mt","01272026_His_constrSupply_EnR_noTC","copper",2065,1508.08931464305,"Baseline constrained supply","01272026_His_constrSupply_EnR_noTC","Average lead times","Average lead times Baseline constrained supply"
"317","Mt","01272026_His_constrSupply_EnR_noTC","copper",2070,1717.8495019275,"Baseline constrained supply","01272026_His_constrSupply_EnR_noTC","Average lead times","Average lead times Baseline constrained supply"
"318","Mt","01272026_His_constrSupply_EnR_noTC","copper",2075,1927.20799774937,"Baseline constrained supply","01272026_His_constrSupply_EnR_noTC","Average lead times","Average lead times Baseline constrained supply"
"319","Mt","01272026_His_constrSupply_EnR_noTC","copper",2080,2131.67998322797,"Baseline constrained supply","01272026_His_constrSupply_EnR_noTC","Average lead times","Average lead times Baseline constrained supply"
"320","Mt","01272026_His_constrSupply_EnR_noTC","copper",2085,2326.44918907737,"Baseline constrained supply","01272026_His_constrSupply_EnR_noTC","Average lead times","Average lead times Baseline constrained supply"
"321","Mt","01272026_His_constrSupply_EnR_noTC","copper",2090,2509.38905416045,"Baseline constrained supply","01272026_His_constrSupply_EnR_noTC","Average lead times","Average lead times Baseline constrained supply"
"322","Mt","01272026_His_constrSupply_EnR_noTC","copper",2095,2676.50004849109,"Baseline constrained supply","01272026_His_constrSupply_EnR_noTC","Average lead times","Average lead times Baseline constrained supply"
"323","Mt","01272026_His_constrSupply_EnR_noTC","copper",2100,2828.67604547644,"Baseline constrained supply","01272026_His_constrSupply_EnR_noTC","Average lead times","Average lead times Baseline constrained supply"
"324","Mt","01272026_His_constrSupply_EnR_noTC","lithium",2021,0,"Baseline constrained supply","01272026_His_constrSupply_EnR_noTC","Average lead times","Average lead times Baseline constrained supply"
"325","Mt","01272026_His_constrSupply_EnR_noTC","lithium",2025,0.7634240515,"Baseline constrained supply","01272026_His_constrSupply_EnR_noTC","Average lead times","Average lead times Baseline constrained supply"
"326","Mt","01272026_His_constrSupply_EnR_noTC","lithium",2030,2.22503540125,"Baseline constrained supply","01272026_His_constrSupply_EnR_noTC","Average lead times","Average lead times Baseline constrained supply"
"327","Mt","01272026_His_constrSupply_EnR_noTC","lithium",2035,4.34304758525,"Baseline constrained supply","01272026_His_constrSupply_EnR_noTC","Average lead times","Average lead times Baseline constrained supply"
"328","Mt","01272026_His_constrSupply_EnR_noTC","lithium",2040,6.742452995825,"Baseline constrained supply","01272026_His_constrSupply_EnR_noTC","Average lead times","Average lead times Baseline constrained supply"
"329","Mt","01272026_His_constrSupply_EnR_noTC","lithium",2045,9.5014824375,"Baseline constrained supply","01272026_His_constrSupply_EnR_noTC","Average lead times","Average lead times Baseline constrained supply"
"330","Mt","01272026_His_constrSupply_EnR_noTC","lithium",2050,12.450035697175,"Baseline constrained supply","01272026_His_constrSupply_EnR_noTC","Average lead times","Average lead times Baseline constrained supply"
"331","Mt","01272026_His_constrSupply_EnR_noTC","lithium",2055,15.5902023299,"Baseline constrained supply","01272026_His_constrSupply_EnR_noTC","Average lead times","Average lead times Baseline constrained supply"
"332","Mt","01272026_His_constrSupply_EnR_noTC","lithium",2060,18.963514845775,"Baseline constrained supply","01272026_His_constrSupply_EnR_noTC","Average lead times","Average lead times Baseline constrained supply"
"333","Mt","01272026_His_constrSupply_EnR_noTC","lithium",2065,22.4713057504,"Baseline constrained supply","01272026_His_constrSupply_EnR_noTC","Average lead times","Average lead times Baseline constrained supply"
"334","Mt","01272026_His_constrSupply_EnR_noTC","lithium",2070,26.0697272145875,"Baseline constrained supply","01272026_His_constrSupply_EnR_noTC","Average lead times","Average lead times Baseline constrained supply"
"335","Mt","01272026_His_constrSupply_EnR_noTC","lithium",2075,29.7256460546597,"Baseline constrained supply","01272026_His_constrSupply_EnR_noTC","Average lead times","Average lead times Baseline constrained supply"
"336","Mt","01272026_His_constrSupply_EnR_noTC","lithium",2080,33.3498539176846,"Baseline constrained supply","01272026_His_constrSupply_EnR_noTC","Average lead times","Average lead times Baseline constrained supply"
"337","Mt","01272026_His_constrSupply_EnR_noTC","lithium",2085,36.8347373799068,"Baseline constrained supply","01272026_His_constrSupply_EnR_noTC","Average lead times","Average lead times Baseline constrained supply"
"338","Mt","01272026_His_constrSupply_EnR_noTC","lithium",2090,40.110532765898,"Baseline constrained supply","01272026_His_constrSupply_EnR_noTC","Average lead times","Average lead times Baseline constrained supply"
"339","Mt","01272026_His_constrSupply_EnR_noTC","lithium",2095,42.9647421787423,"Baseline constrained supply","01272026_His_constrSupply_EnR_noTC","Average lead times","Average lead times Baseline constrained supply"
"340","Mt","01272026_His_constrSupply_EnR_noTC","lithium",2100,45.7439228070108,"Baseline constrained supply","01272026_His_constrSupply_EnR_noTC","Average lead times","Average lead times Baseline constrained supply"
"341","Mt","01272026_His_constrSupply_EnR_noTC","nickel",2021,0,"Baseline constrained supply","01272026_His_constrSupply_EnR_noTC","Average lead times","Average lead times Baseline constrained supply"
"342","Mt","01272026_His_constrSupply_EnR_noTC","nickel",2025,14.9501623225,"Baseline constrained supply","01272026_His_constrSupply_EnR_noTC","Average lead times","Average lead times Baseline constrained supply"
"343","Mt","01272026_His_constrSupply_EnR_noTC","nickel",2030,31.23092024325,"Baseline constrained supply","01272026_His_constrSupply_EnR_noTC","Average lead times","Average lead times Baseline constrained supply"
"344","Mt","01272026_His_constrSupply_EnR_noTC","nickel",2035,48.7185537705,"Baseline constrained supply","01272026_His_constrSupply_EnR_noTC","Average lead times","Average lead times Baseline constrained supply"
"345","Mt","01272026_His_constrSupply_EnR_noTC","nickel",2040,67.325882607365,"Baseline constrained supply","01272026_His_constrSupply_EnR_noTC","Average lead times","Average lead times Baseline constrained supply"
"346","Mt","01272026_His_constrSupply_EnR_noTC","nickel",2045,87.57750661721,"Baseline constrained supply","01272026_His_constrSupply_EnR_noTC","Average lead times","Average lead times Baseline constrained supply"
"347","Mt","01272026_His_constrSupply_EnR_noTC","nickel",2050,109.30671613037,"Baseline constrained supply","01272026_His_constrSupply_EnR_noTC","Average lead times","Average lead times Baseline constrained supply"
"348","Mt","01272026_His_constrSupply_EnR_noTC","nickel",2055,132.438555503348,"Baseline constrained supply","01272026_His_constrSupply_EnR_noTC","Average lead times","Average lead times Baseline constrained supply"
"349","Mt","01272026_His_constrSupply_EnR_noTC","nickel",2060,156.85311344629,"Baseline constrained supply","01272026_His_constrSupply_EnR_noTC","Average lead times","Average lead times Baseline constrained supply"
"350","Mt","01272026_His_constrSupply_EnR_noTC","nickel",2065,182.288154153767,"Baseline constrained supply","01272026_His_constrSupply_EnR_noTC","Average lead times","Average lead times Baseline constrained supply"
"351","Mt","01272026_His_constrSupply_EnR_noTC","nickel",2070,208.59077873883,"Baseline constrained supply","01272026_His_constrSupply_EnR_noTC","Average lead times","Average lead times Baseline constrained supply"
"352","Mt","01272026_His_constrSupply_EnR_noTC","nickel",2075,235.45778110263,"Baseline constrained supply","01272026_His_constrSupply_EnR_noTC","Average lead times","Average lead times Baseline constrained supply"
"353","Mt","01272026_His_constrSupply_EnR_noTC","nickel",2080,262.583300237298,"Baseline constrained supply","01272026_His_constrSupply_EnR_noTC","Average lead times","Average lead times Baseline constrained supply"
"354","Mt","01272026_His_constrSupply_EnR_noTC","nickel",2085,289.288981851885,"Baseline constrained supply","01272026_His_constrSupply_EnR_noTC","Average lead times","Average lead times Baseline constrained supply"
"355","Mt","01272026_His_constrSupply_EnR_noTC","nickel",2090,314.395093931355,"Baseline constrained supply","01272026_His_constrSupply_EnR_noTC","Average lead times","Average lead times Baseline constrained supply"
"356","Mt","01272026_His_constrSupply_EnR_noTC","nickel",2095,328.343070126725,"Baseline constrained supply","01272026_His_constrSupply_EnR_noTC","Average lead times","Average lead times Baseline constrained supply"
"357","Mt","01272026_His_constrSupply_EnR_noTC","nickel",2100,331.838487647763,"Baseline constrained supply","01272026_His_constrSupply_EnR_noTC","Average lead times","Average lead times Baseline constrained supply"
"358","Mt","01272026_His_constrSupply_EnR_shortLT_noTC","copper",2021,0,"Baseline constrained supply","01272026_His_constrSupply_EnR_shortLT_noTC","Short lead times","Short lead times Baseline constrained supply"
"359","Mt","01272026_His_constrSupply_EnR_shortLT_noTC","copper",2025,116.6688967375,"Baseline constrained supply","01272026_His_constrSupply_EnR_shortLT_noTC","Short lead times","Short lead times Baseline constrained supply"
"360","Mt","01272026_His_constrSupply_EnR_shortLT_noTC","copper",2030,253.3848436705,"Baseline constrained supply","01272026_His_constrSupply_EnR_shortLT_noTC","Short lead times","Short lead times Baseline constrained supply"
"361","Mt","01272026_His_constrSupply_EnR_shortLT_noTC","copper",2035,408.720672399,"Baseline constrained supply","01272026_His_constrSupply_EnR_shortLT_noTC","Short lead times","Short lead times Baseline constrained supply"
"362","Mt","01272026_His_constrSupply_EnR_shortLT_noTC","copper",2040,577.9729727185,"Baseline constrained supply","01272026_His_constrSupply_EnR_shortLT_noTC","Short lead times","Short lead times Baseline constrained supply"
"363","Mt","01272026_His_constrSupply_EnR_shortLT_noTC","copper",2045,757.62619517425,"Baseline constrained supply","01272026_His_constrSupply_EnR_shortLT_noTC","Short lead times","Short lead times Baseline constrained supply"
"364","Mt","01272026_His_constrSupply_EnR_shortLT_noTC","copper",2050,942.723839776077,"Baseline constrained supply","01272026_His_constrSupply_EnR_shortLT_noTC","Short lead times","Short lead times Baseline constrained supply"
"365","Mt","01272026_His_constrSupply_EnR_shortLT_noTC","copper",2055,1134.32664930127,"Baseline constrained supply","01272026_His_constrSupply_EnR_shortLT_noTC","Short lead times","Short lead times Baseline constrained supply"
"366","Mt","01272026_His_constrSupply_EnR_shortLT_noTC","copper",2060,1336.16677224164,"Baseline constrained supply","01272026_His_constrSupply_EnR_shortLT_noTC","Short lead times","Short lead times Baseline constrained supply"
"367","Mt","01272026_His_constrSupply_EnR_shortLT_noTC","copper",2065,1546.96475390856,"Baseline constrained supply","01272026_His_constrSupply_EnR_shortLT_noTC","Short lead times","Short lead times Baseline constrained supply"
"368","Mt","01272026_His_constrSupply_EnR_shortLT_noTC","copper",2070,1766.04273776807,"Baseline constrained supply","01272026_His_constrSupply_EnR_shortLT_noTC","Short lead times","Short lead times Baseline constrained supply"
"369","Mt","01272026_His_constrSupply_EnR_shortLT_noTC","copper",2075,1983.11886085146,"Baseline constrained supply","01272026_His_constrSupply_EnR_shortLT_noTC","Short lead times","Short lead times Baseline constrained supply"
"370","Mt","01272026_His_constrSupply_EnR_shortLT_noTC","copper",2080,2191.93906736388,"Baseline constrained supply","01272026_His_constrSupply_EnR_shortLT_noTC","Short lead times","Short lead times Baseline constrained supply"
"371","Mt","01272026_His_constrSupply_EnR_shortLT_noTC","copper",2085,2388.56917873324,"Baseline constrained supply","01272026_His_constrSupply_EnR_shortLT_noTC","Short lead times","Short lead times Baseline constrained supply"
"372","Mt","01272026_His_constrSupply_EnR_shortLT_noTC","copper",2090,2571.63613100341,"Baseline constrained supply","01272026_His_constrSupply_EnR_shortLT_noTC","Short lead times","Short lead times Baseline constrained supply"
"373","Mt","01272026_His_constrSupply_EnR_shortLT_noTC","copper",2095,2737.36782726352,"Baseline constrained supply","01272026_His_constrSupply_EnR_shortLT_noTC","Short lead times","Short lead times Baseline constrained supply"
"374","Mt","01272026_His_constrSupply_EnR_shortLT_noTC","copper",2100,2886.11033331939,"Baseline constrained supply","01272026_His_constrSupply_EnR_shortLT_noTC","Short lead times","Short lead times Baseline constrained supply"
"375","Mt","01272026_His_constrSupply_EnR_shortLT_noTC","lithium",2021,0,"Baseline constrained supply","01272026_His_constrSupply_EnR_shortLT_noTC","Short lead times","Short lead times Baseline constrained supply"
"376","Mt","01272026_His_constrSupply_EnR_shortLT_noTC","lithium",2025,0.76512379575,"Baseline constrained supply","01272026_His_constrSupply_EnR_shortLT_noTC","Short lead times","Short lead times Baseline constrained supply"
"377","Mt","01272026_His_constrSupply_EnR_shortLT_noTC","lithium",2030,2.23490681475,"Baseline constrained supply","01272026_His_constrSupply_EnR_shortLT_noTC","Short lead times","Short lead times Baseline constrained supply"
"378","Mt","01272026_His_constrSupply_EnR_shortLT_noTC","lithium",2035,4.396054297,"Baseline constrained supply","01272026_His_constrSupply_EnR_shortLT_noTC","Short lead times","Short lead times Baseline constrained supply"
"379","Mt","01272026_His_constrSupply_EnR_shortLT_noTC","lithium",2040,6.899060867825,"Baseline constrained supply","01272026_His_constrSupply_EnR_shortLT_noTC","Short lead times","Short lead times Baseline constrained supply"
"380","Mt","01272026_His_constrSupply_EnR_shortLT_noTC","lithium",2045,9.776831758725,"Baseline constrained supply","01272026_His_constrSupply_EnR_shortLT_noTC","Short lead times","Short lead times Baseline constrained supply"
"381","Mt","01272026_His_constrSupply_EnR_shortLT_noTC","lithium",2050,12.826094986585,"Baseline constrained supply","01272026_His_constrSupply_EnR_shortLT_noTC","Short lead times","Short lead times Baseline constrained supply"
"382","Mt","01272026_His_constrSupply_EnR_shortLT_noTC","lithium",2055,16.0672815754275,"Baseline constrained supply","01272026_His_constrSupply_EnR_shortLT_noTC","Short lead times","Short lead times Baseline constrained supply"
"383","Mt","01272026_His_constrSupply_EnR_shortLT_noTC","lithium",2060,19.53486242016,"Baseline constrained supply","01272026_His_constrSupply_EnR_shortLT_noTC","Short lead times","Short lead times Baseline constrained supply"
"384","Mt","01272026_His_constrSupply_EnR_shortLT_noTC","lithium",2065,23.12493304001,"Baseline constrained supply","01272026_His_constrSupply_EnR_shortLT_noTC","Short lead times","Short lead times Baseline constrained supply"
"385","Mt","01272026_His_constrSupply_EnR_shortLT_noTC","lithium",2070,26.84490828599,"Baseline constrained supply","01272026_His_constrSupply_EnR_shortLT_noTC","Short lead times","Short lead times Baseline constrained supply"
"386","Mt","01272026_His_constrSupply_EnR_shortLT_noTC","lithium",2075,30.6123801113025,"Baseline constrained supply","01272026_His_constrSupply_EnR_shortLT_noTC","Short lead times","Short lead times Baseline constrained supply"
"387","Mt","01272026_His_constrSupply_EnR_shortLT_noTC","lithium",2080,34.3238174798544,"Baseline constrained supply","01272026_His_constrSupply_EnR_shortLT_noTC","Short lead times","Short lead times Baseline constrained supply"
"388","Mt","01272026_His_constrSupply_EnR_shortLT_noTC","lithium",2085,37.8564955742352,"Baseline constrained supply","01272026_His_constrSupply_EnR_shortLT_noTC","Short lead times","Short lead times Baseline constrained supply"
"389","Mt","01272026_His_constrSupply_EnR_shortLT_noTC","lithium",2090,41.1530931198093,"Baseline constrained supply","01272026_His_constrSupply_EnR_shortLT_noTC","Short lead times","Short lead times Baseline constrained supply"
"390","Mt","01272026_His_constrSupply_EnR_shortLT_noTC","lithium",2095,44.1480670303204,"Baseline constrained supply","01272026_His_constrSupply_EnR_shortLT_noTC","Short lead times","Short lead times Baseline constrained supply"
"391","Mt","01272026_His_constrSupply_EnR_shortLT_noTC","lithium",2100,46.7992788645149,"Baseline constrained supply","01272026_His_constrSupply_EnR_shortLT_noTC","Short lead times","Short lead times Baseline constrained supply"
"392","Mt","01272026_His_constrSupply_EnR_shortLT_noTC","nickel",2021,0,"Baseline constrained supply","01272026_His_constrSupply_EnR_shortLT_noTC","Short lead times","Short lead times Baseline constrained supply"
"393","Mt","01272026_His_constrSupply_EnR_shortLT_noTC","nickel",2025,14.963114055,"Baseline constrained supply","01272026_His_constrSupply_EnR_shortLT_noTC","Short lead times","Short lead times Baseline constrained supply"
"394","Mt","01272026_His_constrSupply_EnR_shortLT_noTC","nickel",2030,31.4482431815,"Baseline constrained supply","01272026_His_constrSupply_EnR_shortLT_noTC","Short lead times","Short lead times Baseline constrained supply"
"395","Mt","01272026_His_constrSupply_EnR_shortLT_noTC","nickel",2035,49.54796013225,"Baseline constrained supply","01272026_His_constrSupply_EnR_shortLT_noTC","Short lead times","Short lead times Baseline constrained supply"
"396","Mt","01272026_His_constrSupply_EnR_shortLT_noTC","nickel",2040,69.55812071025,"Baseline constrained supply","01272026_His_constrSupply_EnR_shortLT_noTC","Short lead times","Short lead times Baseline constrained supply"
"397","Mt","01272026_His_constrSupply_EnR_shortLT_noTC","nickel",2045,91.53951594275,"Baseline constrained supply","01272026_His_constrSupply_EnR_shortLT_noTC","Short lead times","Short lead times Baseline constrained supply"
"398","Mt","01272026_His_constrSupply_EnR_shortLT_noTC","nickel",2050,114.978570387325,"Baseline constrained supply","01272026_His_constrSupply_EnR_shortLT_noTC","Short lead times","Short lead times Baseline constrained supply"
"399","Mt","01272026_His_constrSupply_EnR_shortLT_noTC","nickel",2055,139.4140804719,"Baseline constrained supply","01272026_His_constrSupply_EnR_shortLT_noTC","Short lead times","Short lead times Baseline constrained supply"
"400","Mt","01272026_His_constrSupply_EnR_shortLT_noTC","nickel",2060,164.81648302168,"Baseline constrained supply","01272026_His_constrSupply_EnR_shortLT_noTC","Short lead times","Short lead times Baseline constrained supply"
"401","Mt","01272026_His_constrSupply_EnR_shortLT_noTC","nickel",2065,191.129120524665,"Baseline constrained supply","01272026_His_constrSupply_EnR_shortLT_noTC","Short lead times","Short lead times Baseline constrained supply"
"402","Mt","01272026_His_constrSupply_EnR_shortLT_noTC","nickel",2070,218.37957680126,"Baseline constrained supply","01272026_His_constrSupply_EnR_shortLT_noTC","Short lead times","Short lead times Baseline constrained supply"
"403","Mt","01272026_His_constrSupply_EnR_shortLT_noTC","nickel",2075,245.996569977757,"Baseline constrained supply","01272026_His_constrSupply_EnR_shortLT_noTC","Short lead times","Short lead times Baseline constrained supply"
"404","Mt","01272026_His_constrSupply_EnR_shortLT_noTC","nickel",2080,273.693132095675,"Baseline constrained supply","01272026_His_constrSupply_EnR_shortLT_noTC","Short lead times","Short lead times Baseline constrained supply"
"405","Mt","01272026_His_constrSupply_EnR_shortLT_noTC","nickel",2085,300.817085062082,"Baseline constrained supply","01272026_His_constrSupply_EnR_shortLT_noTC","Short lead times","Short lead times Baseline constrained supply"
"406","Mt","01272026_His_constrSupply_EnR_shortLT_noTC","nickel",2090,326.31130856147,"Baseline constrained supply","01272026_His_constrSupply_EnR_shortLT_noTC","Short lead times","Short lead times Baseline constrained supply"
"407","Mt","01272026_His_constrSupply_EnR_shortLT_noTC","nickel",2095,349.372754717275,"Baseline constrained supply","01272026_His_constrSupply_EnR_shortLT_noTC","Short lead times","Short lead times Baseline constrained supply"
"408","Mt","01272026_His_constrSupply_EnR_shortLT_noTC","nickel",2100,370.027760751302,"Baseline constrained supply","01272026_His_constrSupply_EnR_shortLT_noTC","Short lead times","Short lead times Baseline constrained supply"
"409","Mt","03072026_His_constrSupply_highDemand","copper",2021,0,"Baseline constrained supply","03072026_His_constrSupply_highDemand","Average lead times","Average lead times Baseline constrained supply"
"410","Mt","03072026_His_constrSupply_highDemand","copper",2025,117.8846656515,"Baseline constrained supply","03072026_His_constrSupply_highDemand","Average lead times","Average lead times Baseline constrained supply"
"411","Mt","03072026_His_constrSupply_highDemand","copper",2030,256.9726681275,"Baseline constrained supply","03072026_His_constrSupply_highDemand","Average lead times","Average lead times Baseline constrained supply"
"412","Mt","03072026_His_constrSupply_highDemand","copper",2035,413.899367344,"Baseline constrained supply","03072026_His_constrSupply_highDemand","Average lead times","Average lead times Baseline constrained supply"
"413","Mt","03072026_His_constrSupply_highDemand","copper",2040,587.57895416,"Baseline constrained supply","03072026_His_constrSupply_highDemand","Average lead times","Average lead times Baseline constrained supply"
"414","Mt","03072026_His_constrSupply_highDemand","copper",2045,771.87087362875,"Baseline constrained supply","03072026_His_constrSupply_highDemand","Average lead times","Average lead times Baseline constrained supply"
"415","Mt","03072026_His_constrSupply_highDemand","copper",2050,966.631227249,"Baseline constrained supply","03072026_His_constrSupply_highDemand","Average lead times","Average lead times Baseline constrained supply"
"416","Mt","03072026_His_constrSupply_highDemand","copper",2055,1170.84067456925,"Baseline constrained supply","03072026_His_constrSupply_highDemand","Average lead times","Average lead times Baseline constrained supply"
"417","Mt","03072026_His_constrSupply_highDemand","copper",2060,1384.29156653,"Baseline constrained supply","03072026_His_constrSupply_highDemand","Average lead times","Average lead times Baseline constrained supply"
"418","Mt","03072026_His_constrSupply_highDemand","copper",2065,1600.55316629695,"Baseline constrained supply","03072026_His_constrSupply_highDemand","Average lead times","Average lead times Baseline constrained supply"
"419","Mt","03072026_His_constrSupply_highDemand","copper",2070,1817.5560207184,"Baseline constrained supply","03072026_His_constrSupply_highDemand","Average lead times","Average lead times Baseline constrained supply"
"420","Mt","03072026_His_constrSupply_highDemand","copper",2075,2032.08261436327,"Baseline constrained supply","03072026_His_constrSupply_highDemand","Average lead times","Average lead times Baseline constrained supply"
"421","Mt","03072026_His_constrSupply_highDemand","copper",2080,2239.16511898812,"Baseline constrained supply","03072026_His_constrSupply_highDemand","Average lead times","Average lead times Baseline constrained supply"
"422","Mt","03072026_His_constrSupply_highDemand","copper",2085,2434.1334528075,"Baseline constrained supply","03072026_His_constrSupply_highDemand","Average lead times","Average lead times Baseline constrained supply"
"423","Mt","03072026_His_constrSupply_highDemand","copper",2090,2613.41961637832,"Baseline constrained supply","03072026_His_constrSupply_highDemand","Average lead times","Average lead times Baseline constrained supply"
"424","Mt","03072026_His_constrSupply_highDemand","copper",2095,2773.14101835412,"Baseline constrained supply","03072026_His_constrSupply_highDemand","Average lead times","Average lead times Baseline constrained supply"
"425","Mt","03072026_His_constrSupply_highDemand","copper",2100,2914.64460275584,"Baseline constrained supply","03072026_His_constrSupply_highDemand","Average lead times","Average lead times Baseline constrained supply"
"426","Mt","03072026_His_constrSupply_highDemand","lithium",2021,0,"Baseline constrained supply","03072026_His_constrSupply_highDemand","Average lead times","Average lead times Baseline constrained supply"
"427","Mt","03072026_His_constrSupply_highDemand","lithium",2025,0.86156957725,"Baseline constrained supply","03072026_His_constrSupply_highDemand","Average lead times","Average lead times Baseline constrained supply"
"428","Mt","03072026_His_constrSupply_highDemand","lithium",2030,2.5718395895,"Baseline constrained supply","03072026_His_constrSupply_highDemand","Average lead times","Average lead times Baseline constrained supply"
"429","Mt","03072026_His_constrSupply_highDemand","lithium",2035,4.95316961025,"Baseline constrained supply","03072026_His_constrSupply_highDemand","Average lead times","Average lead times Baseline constrained supply"
"430","Mt","03072026_His_constrSupply_highDemand","lithium",2040,8.242694007325,"Baseline constrained supply","03072026_His_constrSupply_highDemand","Average lead times","Average lead times Baseline constrained supply"
"431","Mt","03072026_His_constrSupply_highDemand","lithium",2045,12.308326187075,"Baseline constrained supply","03072026_His_constrSupply_highDemand","Average lead times","Average lead times Baseline constrained supply"
"432","Mt","03072026_His_constrSupply_highDemand","lithium",2050,16.818123635675,"Baseline constrained supply","03072026_His_constrSupply_highDemand","Average lead times","Average lead times Baseline constrained supply"
"433","Mt","03072026_His_constrSupply_highDemand","lithium",2055,21.7242893162,"Baseline constrained supply","03072026_His_constrSupply_highDemand","Average lead times","Average lead times Baseline constrained supply"
"434","Mt","03072026_His_constrSupply_highDemand","lithium",2060,26.997607114975,"Baseline constrained supply","03072026_His_constrSupply_highDemand","Average lead times","Average lead times Baseline constrained supply"
"435","Mt","03072026_His_constrSupply_highDemand","lithium",2065,32.371133950825,"Baseline constrained supply","03072026_His_constrSupply_highDemand","Average lead times","Average lead times Baseline constrained supply"
"436","Mt","03072026_His_constrSupply_highDemand","lithium",2070,37.75644827985,"Baseline constrained supply","03072026_His_constrSupply_highDemand","Average lead times","Average lead times Baseline constrained supply"
"437","Mt","03072026_His_constrSupply_highDemand","lithium",2075,43.062958615025,"Baseline constrained supply","03072026_His_constrSupply_highDemand","Average lead times","Average lead times Baseline constrained supply"
"438","Mt","03072026_His_constrSupply_highDemand","lithium",2080,48.150409394725,"Baseline constrained supply","03072026_His_constrSupply_highDemand","Average lead times","Average lead times Baseline constrained supply"
"439","Mt","03072026_His_constrSupply_highDemand","lithium",2085,52.856348936075,"Baseline constrained supply","03072026_His_constrSupply_highDemand","Average lead times","Average lead times Baseline constrained supply"
"440","Mt","03072026_His_constrSupply_highDemand","lithium",2090,57.080809308975,"Baseline constrained supply","03072026_His_constrSupply_highDemand","Average lead times","Average lead times Baseline constrained supply"
"441","Mt","03072026_His_constrSupply_highDemand","lithium",2095,60.75614125815,"Baseline constrained supply","03072026_His_constrSupply_highDemand","Average lead times","Average lead times Baseline constrained supply"
"442","Mt","03072026_His_constrSupply_highDemand","lithium",2100,63.853939394855,"Baseline constrained supply","03072026_His_constrSupply_highDemand","Average lead times","Average lead times Baseline constrained supply"
"443","Mt","03072026_His_constrSupply_highDemand","nickel",2021,0,"Baseline constrained supply","03072026_His_constrSupply_highDemand","Average lead times","Average lead times Baseline constrained supply"
"444","Mt","03072026_His_constrSupply_highDemand","nickel",2025,15.307512895,"Baseline constrained supply","03072026_His_constrSupply_highDemand","Average lead times","Average lead times Baseline constrained supply"
"445","Mt","03072026_His_constrSupply_highDemand","nickel",2030,32.247996884,"Baseline constrained supply","03072026_His_constrSupply_highDemand","Average lead times","Average lead times Baseline constrained supply"
"446","Mt","03072026_His_constrSupply_highDemand","nickel",2035,50.38206768055,"Baseline constrained supply","03072026_His_constrSupply_highDemand","Average lead times","Average lead times Baseline constrained supply"
"447","Mt","03072026_His_constrSupply_highDemand","nickel",2040,70.412790533175,"Baseline constrained supply","03072026_His_constrSupply_highDemand","Average lead times","Average lead times Baseline constrained supply"
"448","Mt","03072026_His_constrSupply_highDemand","nickel",2045,92.893344783,"Baseline constrained supply","03072026_His_constrSupply_highDemand","Average lead times","Average lead times Baseline constrained supply"
"449","Mt","03072026_His_constrSupply_highDemand","nickel",2050,117.404590307,"Baseline constrained supply","03072026_His_constrSupply_highDemand","Average lead times","Average lead times Baseline constrained supply"
"450","Mt","03072026_His_constrSupply_highDemand","nickel",2055,143.9209109372,"Baseline constrained supply","03072026_His_constrSupply_highDemand","Average lead times","Average lead times Baseline constrained supply"
"451","Mt","03072026_His_constrSupply_highDemand","nickel",2060,172.246889638575,"Baseline constrained supply","03072026_His_constrSupply_highDemand","Average lead times","Average lead times Baseline constrained supply"
"452","Mt","03072026_His_constrSupply_highDemand","nickel",2065,201.9926007699,"Baseline constrained supply","03072026_His_constrSupply_highDemand","Average lead times","Average lead times Baseline constrained supply"
"453","Mt","03072026_His_constrSupply_highDemand","nickel",2070,232.339177074325,"Baseline constrained supply","03072026_His_constrSupply_highDemand","Average lead times","Average lead times Baseline constrained supply"
"454","Mt","03072026_His_constrSupply_highDemand","nickel",2075,262.136231524325,"Baseline constrained supply","03072026_His_constrSupply_highDemand","Average lead times","Average lead times Baseline constrained supply"
"455","Mt","03072026_His_constrSupply_highDemand","nickel",2080,290.55213826525,"Baseline constrained supply","03072026_His_constrSupply_highDemand","Average lead times","Average lead times Baseline constrained supply"
"456","Mt","03072026_His_constrSupply_highDemand","nickel",2085,317.11550280845,"Baseline constrained supply","03072026_His_constrSupply_highDemand","Average lead times","Average lead times Baseline constrained supply"
"457","Mt","03072026_His_constrSupply_highDemand","nickel",2090,341.686641325925,"Baseline constrained supply","03072026_His_constrSupply_highDemand","Average lead times","Average lead times Baseline constrained supply"
"458","Mt","03072026_His_constrSupply_highDemand","nickel",2095,364.067437191375,"Baseline constrained supply","03072026_His_constrSupply_highDemand","Average lead times","Average lead times Baseline constrained supply"
"459","Mt","03072026_His_constrSupply_highDemand","nickel",2100,384.117063285,"Baseline constrained supply","03072026_His_constrSupply_highDemand","Average lead times","Average lead times Baseline constrained supply"
"460","Mt","03192026_His_constrSupply_SS_highDemand","copper",2021,0,"Steady-state constrained supply","03192026_His_constrSupply_highDemand","Average lead times","Average lead times Steady-state constrained supply"
"461","Mt","03192026_His_constrSupply_SS_highDemand","copper",2025,118.267719127,"Steady-state constrained supply","03192026_His_constrSupply_highDemand","Average lead times","Average lead times Steady-state constrained supply"
"462","Mt","03192026_His_constrSupply_SS_highDemand","copper",2030,255.7833894569,"Steady-state constrained supply","03192026_His_constrSupply_highDemand","Average lead times","Average lead times Steady-state constrained supply"
"463","Mt","03192026_His_constrSupply_SS_highDemand","copper",2035,410.7516860052,"Steady-state constrained supply","03192026_His_constrSupply_highDemand","Average lead times","Average lead times Steady-state constrained supply"
"464","Mt","03192026_His_constrSupply_SS_highDemand","copper",2040,583.661845747675,"Steady-state constrained supply","03192026_His_constrSupply_highDemand","Average lead times","Average lead times Steady-state constrained supply"
"465","Mt","03192026_His_constrSupply_SS_highDemand","copper",2045,776.63398567675,"Steady-state constrained supply","03192026_His_constrSupply_highDemand","Average lead times","Average lead times Steady-state constrained supply"
"466","Mt","03192026_His_constrSupply_SS_highDemand","copper",2050,991.04817486535,"Steady-state constrained supply","03192026_His_constrSupply_highDemand","Average lead times","Average lead times Steady-state constrained supply"
"467","Mt","03192026_His_constrSupply_SS_highDemand","copper",2055,1222.30927014813,"Steady-state constrained supply","03192026_His_constrSupply_highDemand","Average lead times","Average lead times Steady-state constrained supply"
"468","Mt","03192026_His_constrSupply_SS_highDemand","copper",2060,1470.60502849855,"Steady-state constrained supply","03192026_His_constrSupply_highDemand","Average lead times","Average lead times Steady-state constrained supply"
"469","Mt","03192026_His_constrSupply_SS_highDemand","copper",2065,1734.80703399481,"Steady-state constrained supply","03192026_His_constrSupply_highDemand","Average lead times","Average lead times Steady-state constrained supply"
"470","Mt","03192026_His_constrSupply_SS_highDemand","copper",2070,2014.2004763175,"Steady-state constrained supply","03192026_His_constrSupply_highDemand","Average lead times","Average lead times Steady-state constrained supply"
"471","Mt","03192026_His_constrSupply_SS_highDemand","copper",2075,2307.60335240363,"Steady-state constrained supply","03192026_His_constrSupply_highDemand","Average lead times","Average lead times Steady-state constrained supply"
"472","Mt","03192026_His_constrSupply_SS_highDemand","copper",2080,2615.73260789698,"Steady-state constrained supply","03192026_His_constrSupply_highDemand","Average lead times","Average lead times Steady-state constrained supply"
"473","Mt","03192026_His_constrSupply_SS_highDemand","copper",2085,2937.72965805688,"Steady-state constrained supply","03192026_His_constrSupply_highDemand","Average lead times","Average lead times Steady-state constrained supply"
"474","Mt","03192026_His_constrSupply_SS_highDemand","copper",2090,3272.3600100035,"Steady-state constrained supply","03192026_His_constrSupply_highDemand","Average lead times","Average lead times Steady-state constrained supply"
"475","Mt","03192026_His_constrSupply_SS_highDemand","copper",2095,3619.34276377495,"Steady-state constrained supply","03192026_His_constrSupply_highDemand","Average lead times","Average lead times Steady-state constrained supply"
"476","Mt","03192026_His_constrSupply_SS_highDemand","copper",2100,3979.61567082635,"Steady-state constrained supply","03192026_His_constrSupply_highDemand","Average lead times","Average lead times Steady-state constrained supply"
"477","Mt","03192026_His_constrSupply_SS_highDemand","lithium",2021,0,"Steady-state constrained supply","03192026_His_constrSupply_highDemand","Average lead times","Average lead times Steady-state constrained supply"
"478","Mt","03192026_His_constrSupply_SS_highDemand","lithium",2025,0.94900875875,"Steady-state constrained supply","03192026_His_constrSupply_highDemand","Average lead times","Average lead times Steady-state constrained supply"
"479","Mt","03192026_His_constrSupply_SS_highDemand","lithium",2030,2.5006755075,"Steady-state constrained supply","03192026_His_constrSupply_highDemand","Average lead times","Average lead times Steady-state constrained supply"
"480","Mt","03192026_His_constrSupply_SS_highDemand","lithium",2035,4.84341344675,"Steady-state constrained supply","03192026_His_constrSupply_highDemand","Average lead times","Average lead times Steady-state constrained supply"
"481","Mt","03192026_His_constrSupply_SS_highDemand","lithium",2040,8.136000899225,"Steady-state constrained supply","03192026_His_constrSupply_highDemand","Average lead times","Average lead times Steady-state constrained supply"
"482","Mt","03192026_His_constrSupply_SS_highDemand","lithium",2045,12.147690044675,"Steady-state constrained supply","03192026_His_constrSupply_highDemand","Average lead times","Average lead times Steady-state constrained supply"
"483","Mt","03192026_His_constrSupply_SS_highDemand","lithium",2050,16.787282397275,"Steady-state constrained supply","03192026_His_constrSupply_highDemand","Average lead times","Average lead times Steady-state constrained supply"
"484","Mt","03192026_His_constrSupply_SS_highDemand","lithium",2055,22.02204546705,"Steady-state constrained supply","03192026_His_constrSupply_highDemand","Average lead times","Average lead times Steady-state constrained supply"
"485","Mt","03192026_His_constrSupply_SS_highDemand","lithium",2060,27.833606633685,"Steady-state constrained supply","03192026_His_constrSupply_highDemand","Average lead times","Average lead times Steady-state constrained supply"
"486","Mt","03192026_His_constrSupply_SS_highDemand","lithium",2065,34.05498898971,"Steady-state constrained supply","03192026_His_constrSupply_highDemand","Average lead times","Average lead times Steady-state constrained supply"
"487","Mt","03192026_His_constrSupply_SS_highDemand","lithium",2070,40.70127087568,"Steady-state constrained supply","03192026_His_constrSupply_highDemand","Average lead times","Average lead times Steady-state constrained supply"
"488","Mt","03192026_His_constrSupply_SS_highDemand","lithium",2075,47.76438945988,"Steady-state constrained supply","03192026_His_constrSupply_highDemand","Average lead times","Average lead times Steady-state constrained supply"
"489","Mt","03192026_His_constrSupply_SS_highDemand","lithium",2080,55.27591634728,"Steady-state constrained supply","03192026_His_constrSupply_highDemand","Average lead times","Average lead times Steady-state constrained supply"
"490","Mt","03192026_His_constrSupply_SS_highDemand","lithium",2085,63.275973342455,"Steady-state constrained supply","03192026_His_constrSupply_highDemand","Average lead times","Average lead times Steady-state constrained supply"
"491","Mt","03192026_His_constrSupply_SS_highDemand","lithium",2090,71.819948189105,"Steady-state constrained supply","03192026_His_constrSupply_highDemand","Average lead times","Average lead times Steady-state constrained supply"
"492","Mt","03192026_His_constrSupply_SS_highDemand","lithium",2095,80.9413563020086,"Steady-state constrained supply","03192026_His_constrSupply_highDemand","Average lead times","Average lead times Steady-state constrained supply"
"493","Mt","03192026_His_constrSupply_SS_highDemand","lithium",2100,90.6754223059009,"Steady-state constrained supply","03192026_His_constrSupply_highDemand","Average lead times","Average lead times Steady-state constrained supply"
"494","Mt","03192026_His_constrSupply_SS_highDemand","nickel",2021,0,"Steady-state constrained supply","03192026_His_constrSupply_highDemand","Average lead times","Average lead times Steady-state constrained supply"
"495","Mt","03192026_His_constrSupply_SS_highDemand","nickel",2025,15.29685447,"Steady-state constrained supply","03192026_His_constrSupply_highDemand","Average lead times","Average lead times Steady-state constrained supply"
"496","Mt","03192026_His_constrSupply_SS_highDemand","nickel",2030,31.63175161,"Steady-state constrained supply","03192026_His_constrSupply_highDemand","Average lead times","Average lead times Steady-state constrained supply"
"497","Mt","03192026_His_constrSupply_SS_highDemand","nickel",2035,49.4208074855,"Steady-state constrained supply","03192026_His_constrSupply_highDemand","Average lead times","Average lead times Steady-state constrained supply"
"498","Mt","03192026_His_constrSupply_SS_highDemand","nickel",2040,69.28913630875,"Steady-state constrained supply","03192026_His_constrSupply_highDemand","Average lead times","Average lead times Steady-state constrained supply"
"499","Mt","03192026_His_constrSupply_SS_highDemand","nickel",2045,92.031435393,"Steady-state constrained supply","03192026_His_constrSupply_highDemand","Average lead times","Average lead times Steady-state constrained supply"
"500","Mt","03192026_His_constrSupply_SS_highDemand","nickel",2050,118.33245831675,"Steady-state constrained supply","03192026_His_constrSupply_highDemand","Average lead times","Average lead times Steady-state constrained supply"
"501","Mt","03192026_His_constrSupply_SS_highDemand","nickel",2055,148.23102452475,"Steady-state constrained supply","03192026_His_constrSupply_highDemand","Average lead times","Average lead times Steady-state constrained supply"
"502","Mt","03192026_His_constrSupply_SS_highDemand","nickel",2060,181.50043883825,"Steady-state constrained supply","03192026_His_constrSupply_highDemand","Average lead times","Average lead times Steady-state constrained supply"
"503","Mt","03192026_His_constrSupply_SS_highDemand","nickel",2065,217.50539480075,"Steady-state constrained supply","03192026_His_constrSupply_highDemand","Average lead times","Average lead times Steady-state constrained supply"
"504","Mt","03192026_His_constrSupply_SS_highDemand","nickel",2070,255.760981950275,"Steady-state constrained supply","03192026_His_constrSupply_highDemand","Average lead times","Average lead times Steady-state constrained supply"
"505","Mt","03192026_His_constrSupply_SS_highDemand","nickel",2075,296.082724883025,"Steady-state constrained supply","03192026_His_constrSupply_highDemand","Average lead times","Average lead times Steady-state constrained supply"
"506","Mt","03192026_His_constrSupply_SS_highDemand","nickel",2080,338.541931926225,"Steady-state constrained supply","03192026_His_constrSupply_highDemand","Average lead times","Average lead times Steady-state constrained supply"
"507","Mt","03192026_His_constrSupply_SS_highDemand","nickel",2085,382.9346957767,"Steady-state constrained supply","03192026_His_constrSupply_highDemand","Average lead times","Average lead times Steady-state constrained supply"
"508","Mt","03192026_His_constrSupply_SS_highDemand","nickel",2090,429.275044078925,"Steady-state constrained supply","03192026_His_constrSupply_highDemand","Average lead times","Average lead times Steady-state constrained supply"
"509","Mt","03192026_His_constrSupply_SS_highDemand","nickel",2095,477.703174768175,"Steady-state constrained supply","03192026_His_constrSupply_highDemand","Average lead times","Average lead times Steady-state constrained supply"
"510","Mt","03192026_His_constrSupply_SS_highDemand","nickel",2100,528.178974651925,"Steady-state constrained supply","03192026_His_constrSupply_highDemand","Average lead times","Average lead times Steady-state constrained supply"
"511","Mt","03192026_His_constrSupply_SS_shortLT_highDemand","copper",2021,0,"Steady-state constrained supply","03192026_His_constrSupply_shortLT_highDemand","Short lead times","Short lead times Steady-state constrained supply"
"512","Mt","03192026_His_constrSupply_SS_shortLT_highDemand","copper",2025,118.321517705,"Steady-state constrained supply","03192026_His_constrSupply_shortLT_highDemand","Short lead times","Short lead times Steady-state constrained supply"
"513","Mt","03192026_His_constrSupply_SS_shortLT_highDemand","copper",2030,256.662187649,"Steady-state constrained supply","03192026_His_constrSupply_shortLT_highDemand","Short lead times","Short lead times Steady-state constrained supply"
"514","Mt","03192026_His_constrSupply_SS_shortLT_highDemand","copper",2035,416.05547273275,"Steady-state constrained supply","03192026_His_constrSupply_shortLT_highDemand","Short lead times","Short lead times Steady-state constrained supply"
"515","Mt","03192026_His_constrSupply_SS_shortLT_highDemand","copper",2040,600.65606121925,"Steady-state constrained supply","03192026_His_constrSupply_shortLT_highDemand","Short lead times","Short lead times Steady-state constrained supply"
"516","Mt","03192026_His_constrSupply_SS_shortLT_highDemand","copper",2045,810.45733944525,"Steady-state constrained supply","03192026_His_constrSupply_shortLT_highDemand","Short lead times","Short lead times Steady-state constrained supply"
"517","Mt","03192026_His_constrSupply_SS_shortLT_highDemand","copper",2050,1034.176508193,"Steady-state constrained supply","03192026_His_constrSupply_shortLT_highDemand","Short lead times","Short lead times Steady-state constrained supply"
"518","Mt","03192026_His_constrSupply_SS_shortLT_highDemand","copper",2055,1266.8780003515,"Steady-state constrained supply","03192026_His_constrSupply_shortLT_highDemand","Short lead times","Short lead times Steady-state constrained supply"
"519","Mt","03192026_His_constrSupply_SS_shortLT_highDemand","copper",2060,1514.49391925465,"Steady-state constrained supply","03192026_His_constrSupply_shortLT_highDemand","Short lead times","Short lead times Steady-state constrained supply"
"520","Mt","03192026_His_constrSupply_SS_shortLT_highDemand","copper",2065,1777.30528855575,"Steady-state constrained supply","03192026_His_constrSupply_shortLT_highDemand","Short lead times","Short lead times Steady-state constrained supply"
"521","Mt","03192026_His_constrSupply_SS_shortLT_highDemand","copper",2070,2056.55171535062,"Steady-state constrained supply","03192026_His_constrSupply_shortLT_highDemand","Short lead times","Short lead times Steady-state constrained supply"
"522","Mt","03192026_His_constrSupply_SS_shortLT_highDemand","copper",2075,2350.61178451377,"Steady-state constrained supply","03192026_His_constrSupply_shortLT_highDemand","Short lead times","Short lead times Steady-state constrained supply"
"523","Mt","03192026_His_constrSupply_SS_shortLT_highDemand","copper",2080,2659.3005776163,"Steady-state constrained supply","03192026_His_constrSupply_shortLT_highDemand","Short lead times","Short lead times Steady-state constrained supply"
"524","Mt","03192026_His_constrSupply_SS_shortLT_highDemand","copper",2085,2981.65723822155,"Steady-state constrained supply","03192026_His_constrSupply_shortLT_highDemand","Short lead times","Short lead times Steady-state constrained supply"
"525","Mt","03192026_His_constrSupply_SS_shortLT_highDemand","copper",2090,3316.8471160771,"Steady-state constrained supply","03192026_His_constrSupply_shortLT_highDemand","Short lead times","Short lead times Steady-state constrained supply"
"526","Mt","03192026_His_constrSupply_SS_shortLT_highDemand","copper",2095,3664.66196229508,"Steady-state constrained supply","03192026_His_constrSupply_shortLT_highDemand","Short lead times","Short lead times Steady-state constrained supply"
"527","Mt","03192026_His_constrSupply_SS_shortLT_highDemand","copper",2100,4030.10745783099,"Steady-state constrained supply","03192026_His_constrSupply_shortLT_highDemand","Short lead times","Short lead times Steady-state constrained supply"
"528","Mt","03192026_His_constrSupply_SS_shortLT_highDemand","lithium",2021,0,"Steady-state constrained supply","03192026_His_constrSupply_shortLT_highDemand","Short lead times","Short lead times Steady-state constrained supply"
"529","Mt","03192026_His_constrSupply_SS_shortLT_highDemand","lithium",2025,0.95087948515,"Steady-state constrained supply","03192026_His_constrSupply_shortLT_highDemand","Short lead times","Short lead times Steady-state constrained supply"
"530","Mt","03192026_His_constrSupply_SS_shortLT_highDemand","lithium",2030,2.50665666585,"Steady-state constrained supply","03192026_His_constrSupply_shortLT_highDemand","Short lead times","Short lead times Steady-state constrained supply"
"531","Mt","03192026_His_constrSupply_SS_shortLT_highDemand","lithium",2035,4.87272905555,"Steady-state constrained supply","03192026_His_constrSupply_shortLT_highDemand","Short lead times","Short lead times Steady-state constrained supply"
"532","Mt","03192026_His_constrSupply_SS_shortLT_highDemand","lithium",2040,8.27640408115,"Steady-state constrained supply","03192026_His_constrSupply_shortLT_highDemand","Short lead times","Short lead times Steady-state constrained supply"
"533","Mt","03192026_His_constrSupply_SS_shortLT_highDemand","lithium",2045,12.631730956725,"Steady-state constrained supply","03192026_His_constrSupply_shortLT_highDemand","Short lead times","Short lead times Steady-state constrained supply"
"534","Mt","03192026_His_constrSupply_SS_shortLT_highDemand","lithium",2050,17.59669967445,"Steady-state constrained supply","03192026_His_constrSupply_shortLT_highDemand","Short lead times","Short lead times Steady-state constrained supply"
"535","Mt","03192026_His_constrSupply_SS_shortLT_highDemand","lithium",2055,23.0678806285,"Steady-state constrained supply","03192026_His_constrSupply_shortLT_highDemand","Short lead times","Short lead times Steady-state constrained supply"
"536","Mt","03192026_His_constrSupply_SS_shortLT_highDemand","lithium",2060,29.084986323825,"Steady-state constrained supply","03192026_His_constrSupply_shortLT_highDemand","Short lead times","Short lead times Steady-state constrained supply"
"537","Mt","03192026_His_constrSupply_SS_shortLT_highDemand","lithium",2065,35.459522194375,"Steady-state constrained supply","03192026_His_constrSupply_shortLT_highDemand","Short lead times","Short lead times Steady-state constrained supply"
"538","Mt","03192026_His_constrSupply_SS_shortLT_highDemand","lithium",2070,42.240047224575,"Steady-state constrained supply","03192026_His_constrSupply_shortLT_highDemand","Short lead times","Short lead times Steady-state constrained supply"
"539","Mt","03192026_His_constrSupply_SS_shortLT_highDemand","lithium",2075,49.4243334546,"Steady-state constrained supply","03192026_His_constrSupply_shortLT_highDemand","Short lead times","Short lead times Steady-state constrained supply"
"540","Mt","03192026_His_constrSupply_SS_shortLT_highDemand","lithium",2080,57.045331547925,"Steady-state constrained supply","03192026_His_constrSupply_shortLT_highDemand","Short lead times","Short lead times Steady-state constrained supply"
"541","Mt","03192026_His_constrSupply_SS_shortLT_highDemand","lithium",2085,65.135829109875,"Steady-state constrained supply","03192026_His_constrSupply_shortLT_highDemand","Short lead times","Short lead times Steady-state constrained supply"
"542","Mt","03192026_His_constrSupply_SS_shortLT_highDemand","lithium",2090,73.7617250317,"Steady-state constrained supply","03192026_His_constrSupply_shortLT_highDemand","Short lead times","Short lead times Steady-state constrained supply"
"543","Mt","03192026_His_constrSupply_SS_shortLT_highDemand","lithium",2095,82.960690117275,"Steady-state constrained supply","03192026_His_constrSupply_shortLT_highDemand","Short lead times","Short lead times Steady-state constrained supply"
"544","Mt","03192026_His_constrSupply_SS_shortLT_highDemand","lithium",2100,92.7672998236504,"Steady-state constrained supply","03192026_His_constrSupply_shortLT_highDemand","Short lead times","Short lead times Steady-state constrained supply"
"545","Mt","03192026_His_constrSupply_SS_shortLT_highDemand","nickel",2021,0,"Steady-state constrained supply","03192026_His_constrSupply_shortLT_highDemand","Short lead times","Short lead times Steady-state constrained supply"
"546","Mt","03192026_His_constrSupply_SS_shortLT_highDemand","nickel",2025,15.311754515,"Steady-state constrained supply","03192026_His_constrSupply_shortLT_highDemand","Short lead times","Short lead times Steady-state constrained supply"
"547","Mt","03192026_His_constrSupply_SS_shortLT_highDemand","nickel",2030,31.8581546345,"Steady-state constrained supply","03192026_His_constrSupply_shortLT_highDemand","Short lead times","Short lead times Steady-state constrained supply"
"548","Mt","03192026_His_constrSupply_SS_shortLT_highDemand","nickel",2035,50.4146897631,"Steady-state constrained supply","03192026_His_constrSupply_shortLT_highDemand","Short lead times","Short lead times Steady-state constrained supply"
"549","Mt","03192026_His_constrSupply_SS_shortLT_highDemand","nickel",2040,72.58235723655,"Steady-state constrained supply","03192026_His_constrSupply_shortLT_highDemand","Short lead times","Short lead times Steady-state constrained supply"
"550","Mt","03192026_His_constrSupply_SS_shortLT_highDemand","nickel",2045,99.21842546455,"Steady-state constrained supply","03192026_His_constrSupply_shortLT_highDemand","Short lead times","Short lead times Steady-state constrained supply"
"551","Mt","03192026_His_constrSupply_SS_shortLT_highDemand","nickel",2050,129.2599160773,"Steady-state constrained supply","03192026_His_constrSupply_shortLT_highDemand","Short lead times","Short lead times Steady-state constrained supply"
"552","Mt","03192026_His_constrSupply_SS_shortLT_highDemand","nickel",2055,161.386254654975,"Steady-state constrained supply","03192026_His_constrSupply_shortLT_highDemand","Short lead times","Short lead times Steady-state constrained supply"
"553","Mt","03192026_His_constrSupply_SS_shortLT_highDemand","nickel",2060,195.7979533538,"Steady-state constrained supply","03192026_His_constrSupply_shortLT_highDemand","Short lead times","Short lead times Steady-state constrained supply"
"554","Mt","03192026_His_constrSupply_SS_shortLT_highDemand","nickel",2065,232.39621268275,"Steady-state constrained supply","03192026_His_constrSupply_shortLT_highDemand","Short lead times","Short lead times Steady-state constrained supply"
"555","Mt","03192026_His_constrSupply_SS_shortLT_highDemand","nickel",2070,271.227760024465,"Steady-state constrained supply","03192026_His_constrSupply_shortLT_highDemand","Short lead times","Short lead times Steady-state constrained supply"
"556","Mt","03192026_His_constrSupply_SS_shortLT_highDemand","nickel",2075,312.15926881954,"Steady-state constrained supply","03192026_His_constrSupply_shortLT_highDemand","Short lead times","Short lead times Steady-state constrained supply"
"557","Mt","03192026_His_constrSupply_SS_shortLT_highDemand","nickel",2080,355.255835747757,"Steady-state constrained supply","03192026_His_constrSupply_shortLT_highDemand","Short lead times","Short lead times Steady-state constrained supply"
"558","Mt","03192026_His_constrSupply_SS_shortLT_highDemand","nickel",2085,400.130450844535,"Steady-state constrained supply","03192026_His_constrSupply_shortLT_highDemand","Short lead times","Short lead times Steady-state constrained supply"
"559","Mt","03192026_His_constrSupply_SS_shortLT_highDemand","nickel",2090,446.939263369585,"Steady-state constrained supply","03192026_His_constrSupply_shortLT_highDemand","Short lead times","Short lead times Steady-state constrained supply"
"560","Mt","03192026_His_constrSupply_SS_shortLT_highDemand","nickel",2095,495.98668146273,"Steady-state constrained supply","03192026_His_constrSupply_shortLT_highDemand","Short lead times","Short lead times Steady-state constrained supply"
"561","Mt","03192026_His_constrSupply_SS_shortLT_highDemand","nickel",2100,547.902954109712,"Steady-state constrained supply","03192026_His_constrSupply_shortLT_highDemand","Short lead times","Short lead times Steady-state constrained supply"
"562","Mt","03192026_His_constrSupply_highDemand","copper",2021,0,"Baseline constrained supply","03192026_His_constrSupply_highDemand","Average lead times","Average lead times Baseline constrained supply"
"563","Mt","03192026_His_constrSupply_highDemand","copper",2025,118.8004043105,"Baseline constrained supply","03192026_His_constrSupply_highDemand","Average lead times","Average lead times Baseline constrained supply"
"564","Mt","03192026_His_constrSupply_highDemand","copper",2030,257.45575114125,"Baseline constrained supply","03192026_His_constrSupply_highDemand","Average lead times","Average lead times Baseline constrained supply"
"565","Mt","03192026_His_constrSupply_highDemand","copper",2035,414.64095844675,"Baseline constrained supply","03192026_His_constrSupply_highDemand","Average lead times","Average lead times Baseline constrained supply"
"566","Mt","03192026_His_constrSupply_highDemand","copper",2040,588.52413309575,"Baseline constrained supply","03192026_His_constrSupply_highDemand","Average lead times","Average lead times Baseline constrained supply"
"567","Mt","03192026_His_constrSupply_highDemand","copper",2045,772.74888014525,"Baseline constrained supply","03192026_His_constrSupply_highDemand","Average lead times","Average lead times Baseline constrained supply"
"568","Mt","03192026_His_constrSupply_highDemand","copper",2050,967.41561838525,"Baseline constrained supply","03192026_His_constrSupply_highDemand","Average lead times","Average lead times Baseline constrained supply"
"569","Mt","03192026_His_constrSupply_highDemand","copper",2055,1171.540585493,"Baseline constrained supply","03192026_His_constrSupply_highDemand","Average lead times","Average lead times Baseline constrained supply"
"570","Mt","03192026_His_constrSupply_highDemand","copper",2060,1384.85015795,"Baseline constrained supply","03192026_His_constrSupply_highDemand","Average lead times","Average lead times Baseline constrained supply"
"571","Mt","03192026_His_constrSupply_highDemand","copper",2065,1601.05556542653,"Baseline constrained supply","03192026_His_constrSupply_highDemand","Average lead times","Average lead times Baseline constrained supply"
"572","Mt","03192026_His_constrSupply_highDemand","copper",2070,1817.98923528973,"Baseline constrained supply","03192026_His_constrSupply_highDemand","Average lead times","Average lead times Baseline constrained supply"
"573","Mt","03192026_His_constrSupply_highDemand","copper",2075,2032.4126517471,"Baseline constrained supply","03192026_His_constrSupply_highDemand","Average lead times","Average lead times Baseline constrained supply"
"574","Mt","03192026_His_constrSupply_highDemand","copper",2080,2239.42520093045,"Baseline constrained supply","03192026_His_constrSupply_highDemand","Average lead times","Average lead times Baseline constrained supply"
"575","Mt","03192026_His_constrSupply_highDemand","copper",2085,2434.3282366878,"Baseline constrained supply","03192026_His_constrSupply_highDemand","Average lead times","Average lead times Baseline constrained supply"
"576","Mt","03192026_His_constrSupply_highDemand","copper",2090,2613.58591109355,"Baseline constrained supply","03192026_His_constrSupply_highDemand","Average lead times","Average lead times Baseline constrained supply"
"577","Mt","03192026_His_constrSupply_highDemand","copper",2095,2773.267448929,"Baseline constrained supply","03192026_His_constrSupply_highDemand","Average lead times","Average lead times Baseline constrained supply"
"578","Mt","03192026_His_constrSupply_highDemand","copper",2100,2914.72482454695,"Baseline constrained supply","03192026_His_constrSupply_highDemand","Average lead times","Average lead times Baseline constrained supply"
"579","Mt","03192026_His_constrSupply_highDemand","lithium",2021,0,"Baseline constrained supply","03192026_His_constrSupply_highDemand","Average lead times","Average lead times Baseline constrained supply"
"580","Mt","03192026_His_constrSupply_highDemand","lithium",2025,0.98040768775,"Baseline constrained supply","03192026_His_constrSupply_highDemand","Average lead times","Average lead times Baseline constrained supply"
"581","Mt","03192026_His_constrSupply_highDemand","lithium",2030,2.561503308,"Baseline constrained supply","03192026_His_constrSupply_highDemand","Average lead times","Average lead times Baseline constrained supply"
"582","Mt","03192026_His_constrSupply_highDemand","lithium",2035,4.9492514035,"Baseline constrained supply","03192026_His_constrSupply_highDemand","Average lead times","Average lead times Baseline constrained supply"
"583","Mt","03192026_His_constrSupply_highDemand","lithium",2040,8.313375417325,"Baseline constrained supply","03192026_His_constrSupply_highDemand","Average lead times","Average lead times Baseline constrained supply"
"584","Mt","03192026_His_constrSupply_highDemand","lithium",2045,12.282446608715,"Baseline constrained supply","03192026_His_constrSupply_highDemand","Average lead times","Average lead times Baseline constrained supply"
"585","Mt","03192026_His_constrSupply_highDemand","lithium",2050,16.6748403875975,"Baseline constrained supply","03192026_His_constrSupply_highDemand","Average lead times","Average lead times Baseline constrained supply"
"586","Mt","03192026_His_constrSupply_highDemand","lithium",2055,21.4889458937025,"Baseline constrained supply","03192026_His_constrSupply_highDemand","Average lead times","Average lead times Baseline constrained supply"
"587","Mt","03192026_His_constrSupply_highDemand","lithium",2060,26.637869802585,"Baseline constrained supply","03192026_His_constrSupply_highDemand","Average lead times","Average lead times Baseline constrained supply"
"588","Mt","03192026_His_constrSupply_highDemand","lithium",2065,31.889095310325,"Baseline constrained supply","03192026_His_constrSupply_highDemand","Average lead times","Average lead times Baseline constrained supply"
"589","Mt","03192026_His_constrSupply_highDemand","lithium",2070,37.1746277686175,"Baseline constrained supply","03192026_His_constrSupply_highDemand","Average lead times","Average lead times Baseline constrained supply"
"590","Mt","03192026_His_constrSupply_highDemand","lithium",2075,42.379060868845,"Baseline constrained supply","03192026_His_constrSupply_highDemand","Average lead times","Average lead times Baseline constrained supply"
"591","Mt","03192026_His_constrSupply_highDemand","lithium",2080,47.3661977122575,"Baseline constrained supply","03192026_His_constrSupply_highDemand","Average lead times","Average lead times Baseline constrained supply"
"592","Mt","03192026_His_constrSupply_highDemand","lithium",2085,51.966494956215,"Baseline constrained supply","03192026_His_constrSupply_highDemand","Average lead times","Average lead times Baseline constrained supply"
"593","Mt","03192026_His_constrSupply_highDemand","lithium",2090,56.075222405735,"Baseline constrained supply","03192026_His_constrSupply_highDemand","Average lead times","Average lead times Baseline constrained supply"
"594","Mt","03192026_His_constrSupply_highDemand","lithium",2095,59.6318792862,"Baseline constrained supply","03192026_His_constrSupply_highDemand","Average lead times","Average lead times Baseline constrained supply"
"595","Mt","03192026_His_constrSupply_highDemand","lithium",2100,61.3935298473473,"Baseline constrained supply","03192026_His_constrSupply_highDemand","Average lead times","Average lead times Baseline constrained supply"
"596","Mt","03192026_His_constrSupply_highDemand","nickel",2021,0,"Baseline constrained supply","03192026_His_constrSupply_highDemand","Average lead times","Average lead times Baseline constrained supply"
"597","Mt","03192026_His_constrSupply_highDemand","nickel",2025,15.51365863,"Baseline constrained supply","03192026_His_constrSupply_highDemand","Average lead times","Average lead times Baseline constrained supply"
"598","Mt","03192026_His_constrSupply_highDemand","nickel",2030,32.1712908265,"Baseline constrained supply","03192026_His_constrSupply_highDemand","Average lead times","Average lead times Baseline constrained supply"
"599","Mt","03192026_His_constrSupply_highDemand","nickel",2035,50.4034995135,"Baseline constrained supply","03192026_His_constrSupply_highDemand","Average lead times","Average lead times Baseline constrained supply"
"600","Mt","03192026_His_constrSupply_highDemand","nickel",2040,70.7006973605,"Baseline constrained supply","03192026_His_constrSupply_highDemand","Average lead times","Average lead times Baseline constrained supply"
"601","Mt","03192026_His_constrSupply_highDemand","nickel",2045,93.15071100115,"Baseline constrained supply","03192026_His_constrSupply_highDemand","Average lead times","Average lead times Baseline constrained supply"
"602","Mt","03192026_His_constrSupply_highDemand","nickel",2050,117.6266395854,"Baseline constrained supply","03192026_His_constrSupply_highDemand","Average lead times","Average lead times Baseline constrained supply"
"603","Mt","03192026_His_constrSupply_highDemand","nickel",2055,144.1078093219,"Baseline constrained supply","03192026_His_constrSupply_highDemand","Average lead times","Average lead times Baseline constrained supply"
"604","Mt","03192026_His_constrSupply_highDemand","nickel",2060,172.37404160015,"Baseline constrained supply","03192026_His_constrSupply_highDemand","Average lead times","Average lead times Baseline constrained supply"
"605","Mt","03192026_His_constrSupply_highDemand","nickel",2065,202.0223666424,"Baseline constrained supply","03192026_His_constrSupply_highDemand","Average lead times","Average lead times Baseline constrained supply"
"606","Mt","03192026_His_constrSupply_highDemand","nickel",2070,232.35697352115,"Baseline constrained supply","03192026_His_constrSupply_highDemand","Average lead times","Average lead times Baseline constrained supply"
"607","Mt","03192026_His_constrSupply_highDemand","nickel",2075,262.1240708494,"Baseline constrained supply","03192026_His_constrSupply_highDemand","Average lead times","Average lead times Baseline constrained supply"
"608","Mt","03192026_His_constrSupply_highDemand","nickel",2080,290.53198419625,"Baseline constrained supply","03192026_His_constrSupply_highDemand","Average lead times","Average lead times Baseline constrained supply"
"609","Mt","03192026_His_constrSupply_highDemand","nickel",2085,317.116974713225,"Baseline constrained supply","03192026_His_constrSupply_highDemand","Average lead times","Average lead times Baseline constrained supply"
"610","Mt","03192026_His_constrSupply_highDemand","nickel",2090,341.6731808786,"Baseline constrained supply","03192026_His_constrSupply_highDemand","Average lead times","Average lead times Baseline constrained supply"
"611","Mt","03192026_His_constrSupply_highDemand","nickel",2095,364.013071754725,"Baseline constrained supply","03192026_His_constrSupply_highDemand","Average lead times","Average lead times Baseline constrained supply"
"612","Mt","03192026_His_constrSupply_highDemand","nickel",2100,376.853798633553,"Baseline constrained supply","03192026_His_constrSupply_highDemand","Average lead times","Average lead times Baseline constrained supply"
"613","Mt","03192026_His_constrSupply_shortLT_highDemand","copper",2021,0,"Baseline constrained supply","03192026_His_constrSupply_shortLT_highDemand","Short lead times","Short lead times Baseline constrained supply"
"614","Mt","03192026_His_constrSupply_shortLT_highDemand","copper",2025,118.321517705,"Baseline constrained supply","03192026_His_constrSupply_shortLT_highDemand","Short lead times","Short lead times Baseline constrained supply"
"615","Mt","03192026_His_constrSupply_shortLT_highDemand","copper",2030,256.5948578045,"Baseline constrained supply","03192026_His_constrSupply_shortLT_highDemand","Short lead times","Short lead times Baseline constrained supply"
"616","Mt","03192026_His_constrSupply_shortLT_highDemand","copper",2035,414.63431259875,"Baseline constrained supply","03192026_His_constrSupply_shortLT_highDemand","Short lead times","Short lead times Baseline constrained supply"
"617","Mt","03192026_His_constrSupply_shortLT_highDemand","copper",2040,592.5983306825,"Baseline constrained supply","03192026_His_constrSupply_shortLT_highDemand","Short lead times","Short lead times Baseline constrained supply"
"618","Mt","03192026_His_constrSupply_shortLT_highDemand","copper",2045,786.26133222625,"Baseline constrained supply","03192026_His_constrSupply_shortLT_highDemand","Short lead times","Short lead times Baseline constrained supply"
"619","Mt","03192026_His_constrSupply_shortLT_highDemand","copper",2050,990.83379632,"Baseline constrained supply","03192026_His_constrSupply_shortLT_highDemand","Short lead times","Short lead times Baseline constrained supply"
"620","Mt","03192026_His_constrSupply_shortLT_highDemand","copper",2055,1202.867544885,"Baseline constrained supply","03192026_His_constrSupply_shortLT_highDemand","Short lead times","Short lead times Baseline constrained supply"
"621","Mt","03192026_His_constrSupply_shortLT_highDemand","copper",2060,1426.284736278,"Baseline constrained supply","03192026_His_constrSupply_shortLT_highDemand","Short lead times","Short lead times Baseline constrained supply"
"622","Mt","03192026_His_constrSupply_shortLT_highDemand","copper",2065,1657.65667542105,"Baseline constrained supply","03192026_His_constrSupply_shortLT_highDemand","Short lead times","Short lead times Baseline constrained supply"
"623","Mt","03192026_His_constrSupply_shortLT_highDemand","copper",2070,1884.0839848985,"Baseline constrained supply","03192026_His_constrSupply_shortLT_highDemand","Short lead times","Short lead times Baseline constrained supply"
"624","Mt","03192026_His_constrSupply_shortLT_highDemand","copper",2075,2104.33729626762,"Baseline constrained supply","03192026_His_constrSupply_shortLT_highDemand","Short lead times","Short lead times Baseline constrained supply"
"625","Mt","03192026_His_constrSupply_shortLT_highDemand","copper",2080,2314.13861293848,"Baseline constrained supply","03192026_His_constrSupply_shortLT_highDemand","Short lead times","Short lead times Baseline constrained supply"
"626","Mt","03192026_His_constrSupply_shortLT_highDemand","copper",2085,2511.53087392863,"Baseline constrained supply","03192026_His_constrSupply_shortLT_highDemand","Short lead times","Short lead times Baseline constrained supply"
"627","Mt","03192026_His_constrSupply_shortLT_highDemand","copper",2090,2692.9570192798,"Baseline constrained supply","03192026_His_constrSupply_shortLT_highDemand","Short lead times","Short lead times Baseline constrained supply"
"628","Mt","03192026_His_constrSupply_shortLT_highDemand","copper",2095,2854.52608340592,"Baseline constrained supply","03192026_His_constrSupply_shortLT_highDemand","Short lead times","Short lead times Baseline constrained supply"
"629","Mt","03192026_His_constrSupply_shortLT_highDemand","copper",2100,2995.53220679515,"Baseline constrained supply","03192026_His_constrSupply_shortLT_highDemand","Short lead times","Short lead times Baseline constrained supply"
"630","Mt","03192026_His_constrSupply_shortLT_highDemand","lithium",2021,0,"Baseline constrained supply","03192026_His_constrSupply_shortLT_highDemand","Short lead times","Short lead times Baseline constrained supply"
"631","Mt","03192026_His_constrSupply_shortLT_highDemand","lithium",2025,0.95087948515,"Baseline constrained supply","03192026_His_constrSupply_shortLT_highDemand","Short lead times","Short lead times Baseline constrained supply"
"632","Mt","03192026_His_constrSupply_shortLT_highDemand","lithium",2030,2.5063266486,"Baseline constrained supply","03192026_His_constrSupply_shortLT_highDemand","Short lead times","Short lead times Baseline constrained supply"
"633","Mt","03192026_His_constrSupply_shortLT_highDemand","lithium",2035,4.865168877975,"Baseline constrained supply","03192026_His_constrSupply_shortLT_highDemand","Short lead times","Short lead times Baseline constrained supply"
"634","Mt","03192026_His_constrSupply_shortLT_highDemand","lithium",2040,8.213130060225,"Baseline constrained supply","03192026_His_constrSupply_shortLT_highDemand","Short lead times","Short lead times Baseline constrained supply"
"635","Mt","03192026_His_constrSupply_shortLT_highDemand","lithium",2045,12.270538007575,"Baseline constrained supply","03192026_His_constrSupply_shortLT_highDemand","Short lead times","Short lead times Baseline constrained supply"
"636","Mt","03192026_His_constrSupply_shortLT_highDemand","lithium",2050,16.7617926465,"Baseline constrained supply","03192026_His_constrSupply_shortLT_highDemand","Short lead times","Short lead times Baseline constrained supply"
"637","Mt","03192026_His_constrSupply_shortLT_highDemand","lithium",2055,21.650673654925,"Baseline constrained supply","03192026_His_constrSupply_shortLT_highDemand","Short lead times","Short lead times Baseline constrained supply"
"638","Mt","03192026_His_constrSupply_shortLT_highDemand","lithium",2060,26.8970383338,"Baseline constrained supply","03192026_His_constrSupply_shortLT_highDemand","Short lead times","Short lead times Baseline constrained supply"
"639","Mt","03192026_His_constrSupply_shortLT_highDemand","lithium",2065,32.299013325825,"Baseline constrained supply","03192026_His_constrSupply_shortLT_highDemand","Short lead times","Short lead times Baseline constrained supply"
"640","Mt","03192026_His_constrSupply_shortLT_highDemand","lithium",2070,37.6564138341696,"Baseline constrained supply","03192026_His_constrSupply_shortLT_highDemand","Short lead times","Short lead times Baseline constrained supply"
"641","Mt","03192026_His_constrSupply_shortLT_highDemand","lithium",2075,42.8775739947762,"Baseline constrained supply","03192026_His_constrSupply_shortLT_highDemand","Short lead times","Short lead times Baseline constrained supply"
"642","Mt","03192026_His_constrSupply_shortLT_highDemand","lithium",2080,47.8367822690239,"Baseline constrained supply","03192026_His_constrSupply_shortLT_highDemand","Short lead times","Short lead times Baseline constrained supply"
"643","Mt","03192026_His_constrSupply_shortLT_highDemand","lithium",2085,52.4310100725434,"Baseline constrained supply","03192026_His_constrSupply_shortLT_highDemand","Short lead times","Short lead times Baseline constrained supply"
"644","Mt","03192026_His_constrSupply_shortLT_highDemand","lithium",2090,56.5211924024508,"Baseline constrained supply","03192026_His_constrSupply_shortLT_highDemand","Short lead times","Short lead times Baseline constrained supply"
"645","Mt","03192026_His_constrSupply_shortLT_highDemand","lithium",2095,60.0533706742784,"Baseline constrained supply","03192026_His_constrSupply_shortLT_highDemand","Short lead times","Short lead times Baseline constrained supply"
"646","Mt","03192026_His_constrSupply_shortLT_highDemand","lithium",2100,62.9935441925754,"Baseline constrained supply","03192026_His_constrSupply_shortLT_highDemand","Short lead times","Short lead times Baseline constrained supply"
"647","Mt","03192026_His_constrSupply_shortLT_highDemand","nickel",2021,0,"Baseline constrained supply","03192026_His_constrSupply_shortLT_highDemand","Short lead times","Short lead times Baseline constrained supply"
"648","Mt","03192026_His_constrSupply_shortLT_highDemand","nickel",2025,15.311754515,"Baseline constrained supply","03192026_His_constrSupply_shortLT_highDemand","Short lead times","Short lead times Baseline constrained supply"
"649","Mt","03192026_His_constrSupply_shortLT_highDemand","nickel",2030,31.8448896465,"Baseline constrained supply","03192026_His_constrSupply_shortLT_highDemand","Short lead times","Short lead times Baseline constrained supply"
"650","Mt","03192026_His_constrSupply_shortLT_highDemand","nickel",2035,50.16528890939,"Baseline constrained supply","03192026_His_constrSupply_shortLT_highDemand","Short lead times","Short lead times Baseline constrained supply"
"651","Mt","03192026_His_constrSupply_shortLT_highDemand","nickel",2040,70.976372086735,"Baseline constrained supply","03192026_His_constrSupply_shortLT_highDemand","Short lead times","Short lead times Baseline constrained supply"
"652","Mt","03192026_His_constrSupply_shortLT_highDemand","nickel",2045,94.3925990946675,"Baseline constrained supply","03192026_His_constrSupply_shortLT_highDemand","Short lead times","Short lead times Baseline constrained supply"
"653","Mt","03192026_His_constrSupply_shortLT_highDemand","nickel",2050,119.849294111225,"Baseline constrained supply","03192026_His_constrSupply_shortLT_highDemand","Short lead times","Short lead times Baseline constrained supply"
"654","Mt","03192026_His_constrSupply_shortLT_highDemand","nickel",2055,146.72512378845,"Baseline constrained supply","03192026_His_constrSupply_shortLT_highDemand","Short lead times","Short lead times Baseline constrained supply"
"655","Mt","03192026_His_constrSupply_shortLT_highDemand","nickel",2060,175.21992543213,"Baseline constrained supply","03192026_His_constrSupply_shortLT_highDemand","Short lead times","Short lead times Baseline constrained supply"
"656","Mt","03192026_His_constrSupply_shortLT_highDemand","nickel",2065,204.748827390255,"Baseline constrained supply","03192026_His_constrSupply_shortLT_highDemand","Short lead times","Short lead times Baseline constrained supply"
"657","Mt","03192026_His_constrSupply_shortLT_highDemand","nickel",2070,234.78398081442,"Baseline constrained supply","03192026_His_constrSupply_shortLT_highDemand","Short lead times","Short lead times Baseline constrained supply"
"658","Mt","03192026_His_constrSupply_shortLT_highDemand","nickel",2075,265.00032896333,"Baseline constrained supply","03192026_His_constrSupply_shortLT_highDemand","Short lead times","Short lead times Baseline constrained supply"
"659","Mt","03192026_His_constrSupply_shortLT_highDemand","nickel",2080,294.886565994848,"Baseline constrained supply","03192026_His_constrSupply_shortLT_highDemand","Short lead times","Short lead times Baseline constrained supply"
"660","Mt","03192026_His_constrSupply_shortLT_highDemand","nickel",2085,322.464256000365,"Baseline constrained supply","03192026_His_constrSupply_shortLT_highDemand","Short lead times","Short lead times Baseline constrained supply"
"661","Mt","03192026_His_constrSupply_shortLT_highDemand","nickel",2090,347.592426385847,"Baseline constrained supply","03192026_His_constrSupply_shortLT_highDemand","Short lead times","Short lead times Baseline constrained supply"
"662","Mt","03192026_His_constrSupply_shortLT_highDemand","nickel",2095,370.072534591152,"Baseline constrained supply","03192026_His_constrSupply_shortLT_highDemand","Short lead times","Short lead times Baseline constrained supply"
"663","Mt","03192026_His_constrSupply_shortLT_highDemand","nickel",2100,389.852858372645,"Baseline constrained supply","03192026_His_constrSupply_shortLT_highDemand","Short lead times","Short lead times Baseline constrained supply"
"664","Mt","08312026_His_constrSupply_static_2021","copper",2021,0,"Baseline constrained supply","08312026_His_constrSupply_static_2021","Average lead times","Average lead times Baseline constrained supply"
"665","Mt","08312026_His_constrSupply_static_2021","copper",2025,116.82270729,"Baseline constrained supply","08312026_His_constrSupply_static_2021","Average lead times","Average lead times Baseline constrained supply"
"666","Mt","08312026_His_constrSupply_static_2021","copper",2030,251.744556942,"Baseline constrained supply","08312026_His_constrSupply_static_2021","Average lead times","Average lead times Baseline constrained supply"
"667","Mt","08312026_His_constrSupply_static_2021","copper",2035,398.687419551,"Baseline constrained supply","08312026_His_constrSupply_static_2021","Average lead times","Average lead times Baseline constrained supply"
"668","Mt","08312026_His_constrSupply_static_2021","copper",2040,541.62795484125,"Baseline constrained supply","08312026_His_constrSupply_static_2021","Average lead times","Average lead times Baseline constrained supply"
"669","Mt","08312026_His_constrSupply_static_2021","copper",2045,674.22875646825,"Baseline constrained supply","08312026_His_constrSupply_static_2021","Average lead times","Average lead times Baseline constrained supply"
"670","Mt","08312026_His_constrSupply_static_2021","copper",2050,796.5773648945,"Baseline constrained supply","08312026_His_constrSupply_static_2021","Average lead times","Average lead times Baseline constrained supply"
"671","Mt","08312026_His_constrSupply_static_2021","copper",2055,908.71028139225,"Baseline constrained supply","08312026_His_constrSupply_static_2021","Average lead times","Average lead times Baseline constrained supply"
"672","Mt","08312026_His_constrSupply_static_2021","copper",2060,1011.776781324,"Baseline constrained supply","08312026_His_constrSupply_static_2021","Average lead times","Average lead times Baseline constrained supply"
"673","Mt","08312026_His_constrSupply_static_2021","copper",2065,1104.35715389555,"Baseline constrained supply","08312026_His_constrSupply_static_2021","Average lead times","Average lead times Baseline constrained supply"
"674","Mt","08312026_His_constrSupply_static_2021","copper",2070,1187.8213604795,"Baseline constrained supply","08312026_His_constrSupply_static_2021","Average lead times","Average lead times Baseline constrained supply"
"675","Mt","08312026_His_constrSupply_static_2021","copper",2075,1262.28695746812,"Baseline constrained supply","08312026_His_constrSupply_static_2021","Average lead times","Average lead times Baseline constrained supply"
"676","Mt","08312026_His_constrSupply_static_2021","copper",2080,1326.59125463172,"Baseline constrained supply","08312026_His_constrSupply_static_2021","Average lead times","Average lead times Baseline constrained supply"
"677","Mt","08312026_His_constrSupply_static_2021","copper",2085,1378.67388044162,"Baseline constrained supply","08312026_His_constrSupply_static_2021","Average lead times","Average lead times Baseline constrained supply"
"678","Mt","08312026_His_constrSupply_static_2021","copper",2090,1417.93702341064,"Baseline constrained supply","08312026_His_constrSupply_static_2021","Average lead times","Average lead times Baseline constrained supply"
"679","Mt","08312026_His_constrSupply_static_2021","copper",2095,1445.20794615964,"Baseline constrained supply","08312026_His_constrSupply_static_2021","Average lead times","Average lead times Baseline constrained supply"
"680","Mt","08312026_His_constrSupply_static_2021","copper",2100,1464.51749606922,"Baseline constrained supply","08312026_His_constrSupply_static_2021","Average lead times","Average lead times Baseline constrained supply"
"681","Mt","08312026_His_constrSupply_static_2021","lithium",2021,0,"Baseline constrained supply","08312026_His_constrSupply_static_2021","Average lead times","Average lead times Baseline constrained supply"
"682","Mt","08312026_His_constrSupply_static_2021","lithium",2025,0.746090977565,"Baseline constrained supply","08312026_His_constrSupply_static_2021","Average lead times","Average lead times Baseline constrained supply"
"683","Mt","08312026_His_constrSupply_static_2021","lithium",2030,2.04617830763,"Baseline constrained supply","08312026_His_constrSupply_static_2021","Average lead times","Average lead times Baseline constrained supply"
"684","Mt","08312026_His_constrSupply_static_2021","lithium",2035,3.575171943195,"Baseline constrained supply","08312026_His_constrSupply_static_2021","Average lead times","Average lead times Baseline constrained supply"
"685","Mt","08312026_His_constrSupply_static_2021","lithium",2040,5.060550033335,"Baseline constrained supply","08312026_His_constrSupply_static_2021","Average lead times","Average lead times Baseline constrained supply"
"686","Mt","08312026_His_constrSupply_static_2021","lithium",2045,6.4256437042,"Baseline constrained supply","08312026_His_constrSupply_static_2021","Average lead times","Average lead times Baseline constrained supply"
"687","Mt","08312026_His_constrSupply_static_2021","lithium",2050,7.720358942115,"Baseline constrained supply","08312026_His_constrSupply_static_2021","Average lead times","Average lead times Baseline constrained supply"
"688","Mt","08312026_His_constrSupply_static_2021","lithium",2055,8.86398626008,"Baseline constrained supply","08312026_His_constrSupply_static_2021","Average lead times","Average lead times Baseline constrained supply"
"689","Mt","08312026_His_constrSupply_static_2021","lithium",2060,9.77069153547,"Baseline constrained supply","08312026_His_constrSupply_static_2021","Average lead times","Average lead times Baseline constrained supply"
"690","Mt","08312026_His_constrSupply_static_2021","lithium",2065,10.39670745061,"Baseline constrained supply","08312026_His_constrSupply_static_2021","Average lead times","Average lead times Baseline constrained supply"
"691","Mt","08312026_His_constrSupply_static_2021","lithium",2070,10.830810444475,"Baseline constrained supply","08312026_His_constrSupply_static_2021","Average lead times","Average lead times Baseline constrained supply"
"692","Mt","08312026_His_constrSupply_static_2021","lithium",2075,11.202316594315,"Baseline constrained supply","08312026_His_constrSupply_static_2021","Average lead times","Average lead times Baseline constrained supply"
"693","Mt","08312026_His_constrSupply_static_2021","lithium",2080,11.559703217905,"Baseline constrained supply","08312026_His_constrSupply_static_2021","Average lead times","Average lead times Baseline constrained supply"
"694","Mt","08312026_His_constrSupply_static_2021","lithium",2085,11.887382578095,"Baseline constrained supply","08312026_His_constrSupply_static_2021","Average lead times","Average lead times Baseline constrained supply"
"695","Mt","08312026_His_constrSupply_static_2021","lithium",2090,12.17168674698,"Baseline constrained supply","08312026_His_constrSupply_static_2021","Average lead times","Average lead times Baseline constrained supply"
"696","Mt","08312026_His_constrSupply_static_2021","lithium",2095,12.40337459016,"Baseline constrained supply","08312026_His_constrSupply_static_2021","Average lead times","Average lead times Baseline constrained supply"
"697","Mt","08312026_His_constrSupply_static_2021","lithium",2100,12.585616238731,"Baseline constrained supply","08312026_His_constrSupply_static_2021","Average lead times","Average lead times Baseline constrained supply"
"698","Mt","08312026_His_constrSupply_static_2021","nickel",2021,0,"Baseline constrained supply","08312026_His_constrSupply_static_2021","Average lead times","Average lead times Baseline constrained supply"
"699","Mt","08312026_His_constrSupply_static_2021","nickel",2025,14.939997225,"Baseline constrained supply","08312026_His_constrSupply_static_2021","Average lead times","Average lead times Baseline constrained supply"
"700","Mt","08312026_His_constrSupply_static_2021","nickel",2030,30.855184825,"Baseline constrained supply","08312026_His_constrSupply_static_2021","Average lead times","Average lead times Baseline constrained supply"
"701","Mt","08312026_His_constrSupply_static_2021","nickel",2035,47.325195375,"Baseline constrained supply","08312026_His_constrSupply_static_2021","Average lead times","Average lead times Baseline constrained supply"
"702","Mt","08312026_His_constrSupply_static_2021","nickel",2040,64.07869986,"Baseline constrained supply","08312026_His_constrSupply_static_2021","Average lead times","Average lead times Baseline constrained supply"
"703","Mt","08312026_His_constrSupply_static_2021","nickel",2045,80.72951747175,"Baseline constrained supply","08312026_His_constrSupply_static_2021","Average lead times","Average lead times Baseline constrained supply"
"704","Mt","08312026_His_constrSupply_static_2021","nickel",2050,96.7083049545,"Baseline constrained supply","08312026_His_constrSupply_static_2021","Average lead times","Average lead times Baseline constrained supply"
"705","Mt","08312026_His_constrSupply_static_2021","nickel",2055,112.16388287675,"Baseline constrained supply","08312026_His_constrSupply_static_2021","Average lead times","Average lead times Baseline constrained supply"
"706","Mt","08312026_His_constrSupply_static_2021","nickel",2060,127.0615961515,"Baseline constrained supply","08312026_His_constrSupply_static_2021","Average lead times","Average lead times Baseline constrained supply"
"707","Mt","08312026_His_constrSupply_static_2021","nickel",2065,141.09865966825,"Baseline constrained supply","08312026_His_constrSupply_static_2021","Average lead times","Average lead times Baseline constrained supply"
"708","Mt","08312026_His_constrSupply_static_2021","nickel",2070,153.81957550975,"Baseline constrained supply","08312026_His_constrSupply_static_2021","Average lead times","Average lead times Baseline constrained supply"
"709","Mt","08312026_His_constrSupply_static_2021","nickel",2075,164.7658163365,"Baseline constrained supply","08312026_His_constrSupply_static_2021","Average lead times","Average lead times Baseline constrained supply"
"710","Mt","08312026_His_constrSupply_static_2021","nickel",2080,173.590747535,"Baseline constrained supply","08312026_His_constrSupply_static_2021","Average lead times","Average lead times Baseline constrained supply"
"711","Mt","08312026_His_constrSupply_static_2021","nickel",2085,180.283022842,"Baseline constrained supply","08312026_His_constrSupply_static_2021","Average lead times","Average lead times Baseline constrained supply"
"712","Mt","08312026_His_constrSupply_static_2021","nickel",2090,185.137757383,"Baseline constrained supply","08312026_His_constrSupply_static_2021","Average lead times","Average lead times Baseline constrained supply"
"713","Mt","08312026_His_constrSupply_static_2021","nickel",2095,188.49740167875,"Baseline constrained supply","08312026_His_constrSupply_static_2021","Average lead times","Average lead times Baseline constrained supply"
"714","Mt","08312026_His_constrSupply_static_2021","nickel",2100,190.7930902995,"Baseline constrained supply","08312026_His_constrSupply_static_2021","Average lead times","Average lead times Baseline constrained supply"
"715","Mt","08312026_His_constrSupply_static_2075","copper",2021,0,"Baseline constrained supply","08312026_His_constrSupply_static_2075","Average lead times","Average lead times Baseline constrained supply"
"716","Mt","08312026_His_constrSupply_static_2075","copper",2025,118.126457195,"Baseline constrained supply","08312026_His_constrSupply_static_2075","Average lead times","Average lead times Baseline constrained supply"
"717","Mt","08312026_His_constrSupply_static_2075","copper",2030,258.68469887,"Baseline constrained supply","08312026_His_constrSupply_static_2075","Average lead times","Average lead times Baseline constrained supply"
"718","Mt","08312026_His_constrSupply_static_2075","copper",2035,423.19107442,"Baseline constrained supply","08312026_His_constrSupply_static_2075","Average lead times","Average lead times Baseline constrained supply"
"719","Mt","08312026_His_constrSupply_static_2075","copper",2040,605.286085125,"Baseline constrained supply","08312026_His_constrSupply_static_2075","Average lead times","Average lead times Baseline constrained supply"
"720","Mt","08312026_His_constrSupply_static_2075","copper",2045,799.90216505575,"Baseline constrained supply","08312026_His_constrSupply_static_2075","Average lead times","Average lead times Baseline constrained supply"
"721","Mt","08312026_His_constrSupply_static_2075","copper",2050,1002.637105758,"Baseline constrained supply","08312026_His_constrSupply_static_2075","Average lead times","Average lead times Baseline constrained supply"
"722","Mt","08312026_His_constrSupply_static_2075","copper",2055,1210.42453103,"Baseline constrained supply","08312026_His_constrSupply_static_2075","Average lead times","Average lead times Baseline constrained supply"
"723","Mt","08312026_His_constrSupply_static_2075","copper",2060,1427.7119674035,"Baseline constrained supply","08312026_His_constrSupply_static_2075","Average lead times","Average lead times Baseline constrained supply"
"724","Mt","08312026_His_constrSupply_static_2075","copper",2065,1651.52927349755,"Baseline constrained supply","08312026_His_constrSupply_static_2075","Average lead times","Average lead times Baseline constrained supply"
"725","Mt","08312026_His_constrSupply_static_2075","copper",2070,1868.364283214,"Baseline constrained supply","08312026_His_constrSupply_static_2075","Average lead times","Average lead times Baseline constrained supply"
"726","Mt","08312026_His_constrSupply_static_2075","copper",2075,2077.07888112438,"Baseline constrained supply","08312026_His_constrSupply_static_2075","Average lead times","Average lead times Baseline constrained supply"
"727","Mt","08312026_His_constrSupply_static_2075","copper",2080,2274.33548036423,"Baseline constrained supply","08312026_His_constrSupply_static_2075","Average lead times","Average lead times Baseline constrained supply"
"728","Mt","08312026_His_constrSupply_static_2075","copper",2085,2458.44945736662,"Baseline constrained supply","08312026_His_constrSupply_static_2075","Average lead times","Average lead times Baseline constrained supply"
"729","Mt","08312026_His_constrSupply_static_2075","copper",2090,2625.07432932444,"Baseline constrained supply","08312026_His_constrSupply_static_2075","Average lead times","Average lead times Baseline constrained supply"
"730","Mt","08312026_His_constrSupply_static_2075","copper",2095,2771.35019233904,"Baseline constrained supply","08312026_His_constrSupply_static_2075","Average lead times","Average lead times Baseline constrained supply"
"731","Mt","08312026_His_constrSupply_static_2075","copper",2100,2896.74979784124,"Baseline constrained supply","08312026_His_constrSupply_static_2075","Average lead times","Average lead times Baseline constrained supply"
"732","Mt","08312026_His_constrSupply_static_2075","lithium",2021,0,"Baseline constrained supply","08312026_His_constrSupply_static_2075","Average lead times","Average lead times Baseline constrained supply"
"733","Mt","08312026_His_constrSupply_static_2075","lithium",2025,0.77001363425,"Baseline constrained supply","08312026_His_constrSupply_static_2075","Average lead times","Average lead times Baseline constrained supply"
"734","Mt","08312026_His_constrSupply_static_2075","lithium",2030,2.29147320375,"Baseline constrained supply","08312026_His_constrSupply_static_2075","Average lead times","Average lead times Baseline constrained supply"
"735","Mt","08312026_His_constrSupply_static_2075","lithium",2035,4.57784018375,"Baseline constrained supply","08312026_His_constrSupply_static_2075","Average lead times","Average lead times Baseline constrained supply"
"736","Mt","08312026_His_constrSupply_static_2075","lithium",2040,7.300481275825,"Baseline constrained supply","08312026_His_constrSupply_static_2075","Average lead times","Average lead times Baseline constrained supply"
"737","Mt","08312026_His_constrSupply_static_2075","lithium",2045,10.499357005125,"Baseline constrained supply","08312026_His_constrSupply_static_2075","Average lead times","Average lead times Baseline constrained supply"
"738","Mt","08312026_His_constrSupply_static_2075","lithium",2050,13.944285397225,"Baseline constrained supply","08312026_His_constrSupply_static_2075","Average lead times","Average lead times Baseline constrained supply"
"739","Mt","08312026_His_constrSupply_static_2075","lithium",2055,17.562166347875,"Baseline constrained supply","08312026_His_constrSupply_static_2075","Average lead times","Average lead times Baseline constrained supply"
"740","Mt","08312026_His_constrSupply_static_2075","lithium",2060,21.40249547795,"Baseline constrained supply","08312026_His_constrSupply_static_2075","Average lead times","Average lead times Baseline constrained supply"
"741","Mt","08312026_His_constrSupply_static_2075","lithium",2065,25.355349509775,"Baseline constrained supply","08312026_His_constrSupply_static_2075","Average lead times","Average lead times Baseline constrained supply"
"742","Mt","08312026_His_constrSupply_static_2075","lithium",2070,29.209283728325,"Baseline constrained supply","08312026_His_constrSupply_static_2075","Average lead times","Average lead times Baseline constrained supply"
"743","Mt","08312026_His_constrSupply_static_2075","lithium",2075,32.8726826081,"Baseline constrained supply","08312026_His_constrSupply_static_2075","Average lead times","Average lead times Baseline constrained supply"
"744","Mt","08312026_His_constrSupply_static_2075","lithium",2080,36.316441738625,"Baseline constrained supply","08312026_His_constrSupply_static_2075","Average lead times","Average lead times Baseline constrained supply"
"745","Mt","08312026_His_constrSupply_static_2075","lithium",2085,39.45809029035,"Baseline constrained supply","08312026_His_constrSupply_static_2075","Average lead times","Average lead times Baseline constrained supply"
"746","Mt","08312026_His_constrSupply_static_2075","lithium",2090,42.222275873325,"Baseline constrained supply","08312026_His_constrSupply_static_2075","Average lead times","Average lead times Baseline constrained supply"
"747","Mt","08312026_His_constrSupply_static_2075","lithium",2095,44.5944232381,"Baseline constrained supply","08312026_His_constrSupply_static_2075","Average lead times","Average lead times Baseline constrained supply"
"748","Mt","08312026_His_constrSupply_static_2075","lithium",2100,46.596078966625,"Baseline constrained supply","08312026_His_constrSupply_static_2075","Average lead times","Average lead times Baseline constrained supply"
"749","Mt","08312026_His_constrSupply_static_2075","nickel",2021,0,"Baseline constrained supply","08312026_His_constrSupply_static_2075","Average lead times","Average lead times Baseline constrained supply"
"750","Mt","08312026_His_constrSupply_static_2075","nickel",2025,15.471468975,"Baseline constrained supply","08312026_His_constrSupply_static_2075","Average lead times","Average lead times Baseline constrained supply"
"751","Mt","08312026_His_constrSupply_static_2075","nickel",2030,33.5563191775,"Baseline constrained supply","08312026_His_constrSupply_static_2075","Average lead times","Average lead times Baseline constrained supply"
"752","Mt","08312026_His_constrSupply_static_2075","nickel",2035,54.0572525025,"Baseline constrained supply","08312026_His_constrSupply_static_2075","Average lead times","Average lead times Baseline constrained supply"
"753","Mt","08312026_His_constrSupply_static_2075","nickel",2040,76.12474367,"Baseline constrained supply","08312026_His_constrSupply_static_2075","Average lead times","Average lead times Baseline constrained supply"
"754","Mt","08312026_His_constrSupply_static_2075","nickel",2045,100.121744302,"Baseline constrained supply","08312026_His_constrSupply_static_2075","Average lead times","Average lead times Baseline constrained supply"
"755","Mt","08312026_His_constrSupply_static_2075","nickel",2050,125.2869189275,"Baseline constrained supply","08312026_His_constrSupply_static_2075","Average lead times","Average lead times Baseline constrained supply"
"756","Mt","08312026_His_constrSupply_static_2075","nickel",2055,150.959332724,"Baseline constrained supply","08312026_His_constrSupply_static_2075","Average lead times","Average lead times Baseline constrained supply"
"757","Mt","08312026_His_constrSupply_static_2075","nickel",2060,177.66455408425,"Baseline constrained supply","08312026_His_constrSupply_static_2075","Average lead times","Average lead times Baseline constrained supply"
"758","Mt","08312026_His_constrSupply_static_2075","nickel",2065,205.23774603125,"Baseline constrained supply","08312026_His_constrSupply_static_2075","Average lead times","Average lead times Baseline constrained supply"
"759","Mt","08312026_His_constrSupply_static_2075","nickel",2070,233.03576765025,"Baseline constrained supply","08312026_His_constrSupply_static_2075","Average lead times","Average lead times Baseline constrained supply"
"760","Mt","08312026_His_constrSupply_static_2075","nickel",2075,260.80169065225,"Baseline constrained supply","08312026_His_constrSupply_static_2075","Average lead times","Average lead times Baseline constrained supply"
"761","Mt","08312026_His_constrSupply_static_2075","nickel",2080,288.12727776475,"Baseline constrained supply","08312026_His_constrSupply_static_2075","Average lead times","Average lead times Baseline constrained supply"
"762","Mt","08312026_His_constrSupply_static_2075","nickel",2085,312.56411060575,"Baseline constrained supply","08312026_His_constrSupply_static_2075","Average lead times","Average lead times Baseline constrained supply"
"763","Mt","08312026_His_constrSupply_static_2075","nickel",2090,334.14578651525,"Baseline constrained supply","08312026_His_constrSupply_static_2075","Average lead times","Average lead times Baseline constrained supply"
"764","Mt","08312026_His_constrSupply_static_2075","nickel",2095,352.9987516535,"Baseline constrained supply","08312026_His_constrSupply_static_2075","Average lead times","Average lead times Baseline constrained supply"
"765","Mt","08312026_His_constrSupply_static_2075","nickel",2100,369.353608374,"Baseline constrained supply","08312026_His_constrSupply_static_2075","Average lead times","Average lead times Baseline constrained supply"
